Russell Westbrook\westbru01,Oklahoma City Thunder,34.6,10.2,24.0,.425,2.5,7.2,.343,7.7,16.8,.459,.476,8.8,10.4,.845,1.7,9.0,10.7,10.4,1.6,0.4,5.4,2.3,31.6
Victor Oladipo\oladivi01,Oklahoma City Thunder,33.2,6.1,13.9,.442,1.9,5.3,.361,4.3,8.7,.491,.510,1.7,2.3,.753,0.6,3.8,4.3,2.6,1.2,0.3,1.8,2.3,15.9
Andre Roberson\roberan03,Oklahoma City Thunder,30.1,2.7,5.9,.464,0.6,2.3,.245,2.2,3.5,.609,.513,0.6,1.4,.423,1.2,3.9,5.1,1.0,1.2,1.0,0.6,2.6,6.6
Steven Adams\adamsst01,Oklahoma City Thunder,29.9,4.7,8.2,.571,0.0,0.0,.000,4.7,8.2,.572,.571,2.0,3.2,.611,3.5,4.2,7.7,1.1,1.1,1.0,1.8,2.4,11.3
Enes Kanter\kanteen01,Oklahoma City Thunder,21.3,5.6,10.2,.545,0.1,0.5,.132,5.5,9.7,.568,.549,3.1,4.0,.786,2.7,4.0,6.7,0.9,0.4,0.5,1.7,2.1,14.3
Taj Gibson\gibsota01,Oklahoma City Thunder,21.2,3.9,7.8,.497,0.0,0.0,1000,3.8,7.7,.494,.500,1.2,1.7,.718,1.7,2.8,4.5,0.6,0.6,0.7,1.2,1.7,9.0
Ersan Ilyasova\ilyaser01,Oklahoma City Thunder,20.7,2.0,5.3,.375,1.0,4.0,.250,1.0,1.3,.750,.469,0.0,0.0,0,0.7,4.7,5.3,0.3,1.0,0.3,1.3,1.7,5.0
Domantas Sabonis\sabondo01,Oklahoma City Thunder,20.1,2.4,5.9,.399,0.6,2.0,.321,1.7,4.0,.438,.452,0.5,0.8,.657,0.6,3.0,3.6,1.0,0.5,0.4,1.0,2.5,5.9
Doug McDermott\mcderdo01,Oklahoma City Thunder,19.5,2.5,5.6,.452,1.0,2.6,.362,1.6,3.0,.530,.536,0.5,0.8,.706,0.3,2.0,2.2,0.6,0.1,0.0,0.3,1.0,6.6
Jerami Grant\grantje01,Oklahoma City Thunder,19.1,1.9,4.0,.469,0.6,1.5,.377,1.3,2.5,.523,.539,1.1,1.8,.619,0.5,2.1,2.6,0.6,0.4,1.0,0.5,1.8,5.4
Cameron Payne\payneca01,Oklahoma City Thunder,16.0,2.2,6.5,.331,0.8,2.6,.308,1.4,3.9,.346,.392,0.2,0.2,1000,0.1,1.5,1.6,2.0,0.5,0.2,0.8,1.9,5.3
Anthony Morrow\morroan01,Oklahoma City Thunder,15.7,2.2,5.6,.386,0.9,3.0,.294,1.3,2.6,.490,.464,0.6,0.7,.885,0.3,0.5,0.7,0.5,0.6,0.1,0.2,1.0,5.8
Josh Huestis\huestjo01,Oklahoma City Thunder,15.5,3.0,5.5,.545,1.0,2.0,.500,2.0,3.5,.571,.636,0.0,0.5,.000,2.0,2.5,4.5,1.5,0.0,1.5,0.0,0.0,7.0
Alex Abrines\abrinal01,Oklahoma City Thunder,15.5,2.0,5.0,.393,1.4,3.6,.381,0.6,1.4,.426,.531,0.6,0.7,.898,0.3,1.0,1.3,0.6,0.5,0.1,0.5,1.7,6.0
Semaj Christon\chrisse01,Oklahoma City Thunder,15.2,1.2,3.5,.345,0.2,1.0,.190,1.0,2.5,.406,.372,0.3,0.5,.548,0.3,1.1,1.4,2.0,0.4,0.1,0.7,1.2,2.9
Joffrey Lauvergne\lauvejo01,Oklahoma City Thunder,14.8,2.2,4.9,.455,0.5,1.6,.346,1.7,3.3,.506,.510,0.7,1.2,.638,1.0,2.6,3.7,1.0,0.4,0.1,0.8,1.4,5.7
Kyle Singler\singlky01,Oklahoma City Thunder,12.0,1.1,2.6,.410,0.2,1.2,.189,0.8,1.4,.587,.452,0.4,0.5,.765,0.3,1.3,1.5,0.3,0.2,0.2,0.3,0.9,2.8
Norris Cole\coleno01,Oklahoma City Thunder,9.6,1.2,4.0,.308,0.2,1.0,.231,1.0,3.0,.333,.337,0.6,0.8,.800,0.0,0.8,0.8,1.1,0.6,0.0,0.5,1.4,3.3
Nick Collison\collini01,Oklahoma City Thunder,6.4,0.7,1.2,.609,0.0,0.1,.000,0.7,1.1,.636,.609,0.3,0.4,.625,0.5,1.1,1.6,0.6,0.1,0.1,0.2,0.9,1.71
Rudy Gay\gayru01,Sacramento Kings,33.8,6.7,14.7,.455,1.4,3.8,.372,5.3,11.0,.483,.502,3.9,4.6,.855,1.2,5.2,6.3,2.8,1.5,0.9,2.5,2.6,18.7
Darren Collison\collida01,Sacramento Kings,30.3,5.0,10.5,.476,1.1,2.6,.417,3.9,7.9,.495,.527,2.2,2.5,.860,0.3,1.9,2.2,4.6,1.0,0.1,1.7,1.8,13.2
Buddy Hield\hieldbu01,Sacramento Kings,29.1,5.7,11.8,.480,2.4,5.5,.428,3.3,6.3,.525,.579,1.4,1.7,.814,0.6,3.5,4.1,1.8,0.8,0.1,2.1,1.4,15.1
Garrett Temple\templga01,Sacramento Kings,26.6,2.8,6.6,.424,1.3,3.4,.373,1.6,3.3,.476,.519,0.9,1.1,.784,0.5,2.3,2.8,2.6,1.3,0.4,1.2,2.2,7.8
Arron Afflalo\afflaar01,Sacramento Kings,25.9,3.0,6.9,.440,1.0,2.5,.411,2.0,4.4,.457,.514,1.4,1.5,.892,0.1,1.9,2.0,1.3,0.3,0.1,0.7,1.7,8.4
Matt Barnes\barnema02,Sacramento Kings,25.3,2.7,7.1,.384,1.3,3.9,.327,1.4,3.2,.453,.474,0.9,1.2,.758,1.0,4.4,5.4,2.8,0.7,0.3,1.5,2.6,7.6
Ty Lawson\lawsoty01,Sacramento Kings,25.1,3.4,7.6,.454,0.5,1.7,.288,2.9,5.9,.502,.487,2.5,3.1,.797,0.6,2.0,2.6,4.8,1.1,0.1,1.9,1.7,9.9
Anthony Tolliver\tollian01,Sacramento Kings,22.7,2.4,5.4,.442,1.4,3.5,.391,1.0,1.9,.537,.570,0.9,1.3,.744,0.8,2.9,3.6,1.2,0.5,0.3,0.9,1.7,7.1
Tyreke Evans\evansty01,Sacramento Kings,22.4,4.2,10.2,.413,1.5,3.4,.438,2.7,6.8,.400,.486,1.7,2.4,.706,0.5,3.1,3.6,2.4,0.9,0.4,1.6,1.4,11.6
Kosta Koufos\koufoko01,Sacramento Kings,20.0,3.0,5.5,.551,0.0,0.0,.000,3.0,5.5,.552,.551,0.5,0.9,.613,1.7,4.0,5.7,0.7,0.5,0.7,0.9,2.4,6.6
Langston Galloway\gallola01,Sacramento Kings,19.7,2.2,5.5,.404,1.0,2.1,.475,1.2,3.4,.359,.495,0.6,0.6,.917,0.4,1.5,1.8,1.5,0.3,0.1,0.9,1.1,6.0
Ben McLemore\mclembe01,Sacramento Kings,19.3,3.0,6.9,.430,1.1,2.8,.382,1.9,4.1,.462,.507,1.1,1.5,.753,0.3,1.8,2.1,0.8,0.5,0.1,1.0,1.8,8.1
Willie Cauley-Stein\caulewi01,Sacramento Kings,18.9,3.4,6.4,.530,0.0,0.0,.000,3.4,6.4,.532,.530,1.3,2.0,.669,1.1,3.4,4.5,1.1,0.7,0.6,0.9,2.0,8.1
Skal Labissiere\labissk01,Sacramento Kings,18.5,3.5,6.6,.537,0.1,0.2,.375,3.5,6.4,.543,.544,1.6,2.2,.703,1.5,3.4,4.9,0.8,0.5,0.4,1.1,1.9,8.8
Omri Casspi\casspom01,Sacramento Kings,18.0,2.4,5.3,.453,0.5,1.3,.379,1.9,4.0,.477,.500,0.5,1.0,.571,0.9,3.2,4.1,1.2,0.5,0.0,0.8,1.0,5.9
Jordan Farmar\farmajo01,Sacramento Kings,17.5,2.0,6.0,.333,2.0,4.5,.444,0.0,1.5,.000,.500,0.0,0.0,0,0.5,1.0,1.5,4.5,1.0,0.0,1.5,0.5,6.0
Georgios Papagiannis\papagge01,Sacramento Kings,16.1,2.5,4.6,.549,0.0,0.1,.000,2.5,4.5,.560,.549,0.5,0.6,.857,1.1,2.8,3.9,0.9,0.1,0.8,1.1,2.0,5.6
Malachi Richardson\richama01,Sacramento Kings,9.0,1.3,3.1,.412,0.4,1.3,.286,0.9,1.8,.500,.471,0.7,0.9,.789,0.1,0.9,1.0,0.5,0.2,0.0,0.4,1.0,3.6
Anthony Davis\davisan02,New Orleans Pelicans,36.1,10.3,20.3,.505,0.5,1.8,.299,9.7,18.6,.524,.518,6.9,8.6,.802,2.3,9.5,11.8,2.1,1.3,2.2,2.4,2.2,28.0
DeMarcus Cousins\couside01,New Orleans Pelicans,33.8,8.4,18.5,.452,2.1,5.6,.375,6.2,12.8,.486,.510,5.5,7.1,.777,2.2,10.2,12.4,3.9,1.5,1.1,3.6,4.4,24.4
Jrue Holiday\holidjr01,New Orleans Pelicans,32.7,6.0,13.3,.454,1.5,4.2,.356,4.6,9.1,.498,.510,1.8,2.5,.708,0.7,3.3,3.9,7.3,1.5,0.7,2.9,2.0,15.4
Solomon Hill\hillso01,New Orleans Pelicans,29.7,2.3,6.0,.383,1.2,3.4,.348,1.1,2.6,.428,.481,1.3,1.6,.805,0.6,3.2,3.8,1.8,0.9,0.4,1.0,2.3,7.0
Lance Stephenson\stephla01,New Orleans Pelicans,27.0,4.3,9.2,.473,0.2,1.7,.100,4.2,7.5,.556,.482,0.8,1.3,.625,0.5,2.5,3.0,4.8,0.3,0.2,1.8,3.0,9.7
Dante Cunningham\cunnida01,New Orleans Pelicans,25.0,2.6,5.4,.485,1.1,2.7,.392,1.6,2.7,.579,.584,0.2,0.4,.593,0.8,3.3,4.2,0.6,0.6,0.4,0.4,1.5,6.6
E'Twaun Moore\mooreet01,New Orleans Pelicans,24.9,3.9,8.5,.457,1.1,2.8,.370,2.8,5.6,.501,.519,0.8,1.0,.770,0.5,1.6,2.1,2.2,0.7,0.4,0.8,1.8,9.6
Terrence Jones\joneste01,New Orleans Pelicans,24.8,4.5,9.6,.472,0.4,1.5,.253,4.2,8.1,.512,.492,2.0,3.3,.606,1.3,4.7,5.9,1.2,0.8,1.0,0.9,1.3,11.5
Omri Casspi\casspom01,New Orleans Pelicans,24.0,5.0,9.0,.556,2.0,4.0,.500,3.0,5.0,.600,.667,0.0,0.0,0,1.0,1.0,2.0,0.0,0.0,0.0,2.0,3.0,12.0
Tim Frazier\fraziti01,New Orleans Pelicans,23.5,2.5,6.2,.403,0.6,2.0,.313,1.9,4.2,.446,.453,1.5,2.0,.760,0.5,2.1,2.7,5.2,0.9,0.1,1.6,2.0,7.1
Jordan Crawford\crawfjo02,New Orleans Pelicans,23.3,5.5,11.5,.482,1.9,5.0,.389,3.6,6.5,.553,.567,1.1,1.4,.769,0.2,1.6,1.8,3.0,0.6,0.1,1.3,1.6,14.1
Hollis Thompson\thompho01,New Orleans Pelicans,21.2,1.2,4.6,.268,0.7,2.7,.250,0.6,1.9,.294,.341,0.7,1.0,.667,0.4,2.7,3.1,1.0,0.7,0.0,0.2,1.6,3.8
Axel Toupane\toupaax01,New Orleans Pelicans,20.5,2.5,4.0,.625,0.5,1.5,.333,2.0,2.5,.800,.688,0.0,0.0,0,0.0,0.5,0.5,0.0,0.5,0.5,0.0,2.5,5.5
Langston Galloway\gallola01,New Orleans Pelicans,20.4,3.0,8.0,.374,1.8,4.9,.377,1.2,3.1,.370,.489,0.7,0.9,.769,0.4,1.8,2.2,1.2,0.7,0.1,0.5,1.4,8.6
Buddy Hield\hieldbu01,New Orleans Pelicans,20.4,3.2,8.3,.393,1.6,4.2,.369,1.7,4.0,.417,.487,0.5,0.6,.879,0.3,2.6,2.9,1.4,0.3,0.1,0.8,1.4,8.6
Tyreke Evans\evansty01,New Orleans Pelicans,18.2,3.5,8.7,.401,0.8,2.7,.300,2.7,6.0,.446,.447,1.7,2.2,.776,0.2,3.1,3.3,3.5,0.9,0.2,1.5,1.6,9.5
Jarrett Jack\jackja01,New Orleans Pelicans,16.5,1.0,1.5,.667,0.0,0.5,.000,1.0,1.0,1000,.667,1.0,1.0,1000,0.0,0.0,0.0,2.5,1.0,0.0,1.5,2.0,3.0
Anthony Brown\brownan02,New Orleans Pelicans,15.9,1.6,4.6,.341,0.7,2.7,.250,0.9,1.9,.471,.415,0.0,0.0,0,0.7,2.2,2.9,0.7,0.6,0.1,0.6,1.4,3.8
Wayne Selden\seldewa01,New Orleans Pelicans,15.7,1.7,2.7,.625,1.3,2.3,.571,0.3,0.3,1000,.875,0.7,1.3,.500,0.0,1.7,1.7,0.3,0.7,0.0,1.0,2.0,5.3
Omer Asik\asikom01,New Orleans Pelicans,15.5,1.0,2.1,.477,0.0,0.0,0,1.0,2.1,.477,.477,0.7,1.3,.590,1.5,3.7,5.3,0.5,0.2,0.3,0.5,1.6,2.7
Alexis Ajinca\ajincal01,New Orleans Pelicans,15.0,2.3,4.6,.500,0.0,0.1,.000,2.3,4.5,.511,.500,0.7,1.0,.725,1.2,3.4,4.5,0.3,0.5,0.6,0.8,2.0,5.3
Donatas Motiejunas\motiedo01,New Orleans Pelicans,14.1,1.7,4.1,.413,0.3,1.4,.234,1.4,2.7,.505,.453,0.7,1.4,.510,0.8,2.2,3.0,0.9,0.5,0.3,0.9,1.6,4.4
Reggie Williams\willire02,New Orleans Pelicans,13.2,1.3,3.8,.348,0.8,1.8,.455,0.5,2.0,.250,.457,1.0,1.2,.857,0.3,0.7,1.0,0.7,0.5,0.0,0.0,0.3,4.5
Quinn Cook\cookqu01,New Orleans Pelicans,12.3,2.4,4.6,.537,0.7,1.3,.500,1.8,3.2,.552,.610,0.2,0.3,.667,0.1,0.3,0.4,1.6,0.3,0.0,0.6,0.8,5.8
Cheick Diallo\diallch01,New Orleans Pelicans,11.7,2.1,4.5,.474,0.0,0.0,0,2.1,4.5,.474,.474,0.9,1.2,.714,1.4,2.9,4.3,0.2,0.2,0.4,0.4,1.0,5.1
Archie Goodwin\goodwar01,New Orleans Pelicans,10.0,0.7,1.7,.400,0.3,0.7,.500,0.3,1.0,.333,.500,3.3,3.3,1000,0.0,0.0,0.0,0.3,0.0,0.3,0.0,0.3,5.0
Andrew Wiggins\wiggian01,Minnesota Timberwolves,37.2,8.6,19.1,.452,1.3,3.5,.356,7.4,15.6,.473,.484,5.0,6.6,.760,1.2,2.8,4.0,2.3,1.0,0.4,2.3,2.2,23.6
Zach LaVine\lavinza01,Minnesota Timberwolves,37.2,6.9,15.1,.459,2.6,6.6,.387,4.4,8.5,.515,.544,2.5,3.0,.836,0.4,3.0,3.4,3.0,0.9,0.2,1.8,2.2,18.9
Karl-Anthony Towns\townska01,Minnesota Timberwolves,37.0,9.8,18.0,.542,1.2,3.4,.367,8.5,14.7,.582,.576,4.3,5.2,.832,3.6,8.7,12.3,2.7,0.7,1.3,2.6,2.9,25.1
Ricky Rubio\rubiori01,Minnesota Timberwolves,32.9,3.5,8.7,.402,0.8,2.6,.306,2.7,6.1,.443,.448,3.4,3.8,.891,0.9,3.2,4.1,9.1,1.7,0.1,2.6,2.7,11.1
Gorgui Dieng\dienggo01,Minnesota Timberwolves,32.4,4.0,8.1,.502,0.2,0.5,.372,3.9,7.5,.511,.514,1.7,2.0,.814,2.3,5.6,7.9,1.9,1.1,1.2,1.3,3.1,10.0
Brandon Rush\rushbr01,Minnesota Timberwolves,21.9,1.5,4.0,.374,0.9,2.4,.386,0.6,1.6,.356,.492,0.3,0.4,.722,0.3,1.8,2.1,1.0,0.5,0.5,0.6,0.9,4.2
Shabazz Muhammad\muhamsh01,Minnesota Timberwolves,19.4,3.7,7.7,.482,0.6,1.9,.338,3.1,5.8,.528,.523,1.9,2.4,.774,1.1,1.7,2.8,0.4,0.3,0.1,0.7,1.1,9.9
Nemanja Bjelica\bjeline01,Minnesota Timberwolves,18.3,2.3,5.5,.424,0.9,2.7,.316,1.5,2.8,.531,.503,0.7,0.9,.738,0.9,2.9,3.8,1.2,0.6,0.3,0.9,2.4,6.2
Kris Dunn\dunnkr01,Minnesota Timberwolves,17.1,1.5,4.0,.377,0.3,0.9,.288,1.2,3.1,.404,.411,0.5,0.8,.610,0.3,1.8,2.1,2.4,1.0,0.5,1.1,2.3,3.8
Omri Casspi\casspom01,Minnesota Timberwolves,17.1,1.5,2.9,.500,0.2,0.8,.200,1.3,2.2,.607,.526,0.4,0.6,.625,0.5,1.1,1.5,0.8,1.0,0.2,0.8,1.8,3.5
Tyus Jones\jonesty01,Minnesota Timberwolves,12.9,1.3,3.0,.414,0.4,1.2,.356,0.8,1.8,.454,.486,0.6,0.7,.767,0.2,1.0,1.1,2.6,0.8,0.1,0.6,0.8,3.5
Lance Stephenson\stephla01,Minnesota Timberwolves,11.2,1.7,3.5,.476,0.0,0.3,.000,1.7,3.2,.526,.476,0.2,0.3,.500,0.0,1.7,1.7,0.8,0.0,0.0,0.7,0.3,3.5
Cole Aldrich\aldrico01,Minnesota Timberwolves,8.6,0.7,1.4,.523,0.0,0.0,0,0.7,1.4,.523,.523,0.2,0.4,.682,0.8,1.7,2.5,0.4,0.4,0.4,0.3,1.4,1.7
Adreian Payne\paynead01,Minnesota Timberwolves,7.5,1.3,3.0,.426,0.2,0.8,.200,1.1,2.2,.513,.454,0.8,1.1,.737,0.5,1.3,1.8,0.4,0.4,0.4,0.4,1.8,3.5
Jordan Hill\hilljo01,Minnesota Timberwolves,6.7,0.7,1.9,.385,0.0,0.0,0,0.7,1.9,.385,.385,0.3,0.3,1000,1.1,0.9,2.0,0.0,0.1,0.0,0.6,1.3,1.7
John Lucas III\lucasjo02,Minnesota Timberwolves,2.2,0.2,0.8,.250,0.0,0.2,.000,0.2,0.6,.333,.250,0.0,0.0,0,0.0,0.0,0.0,0.2,0.4,0.0,0.0,0.0,0.4
Kawhi Leonard\leonaka01,San Antonio Spurs,33.4,8.6,17.7,.485,2.0,5.2,.380,6.6,12.5,.529,.541,6.3,7.2,.880,1.1,4.7,5.8,3.5,1.8,0.7,2.1,1.6,25.5
LaMarcus Aldridge\aldrila01,San Antonio Spurs,32.4,6.9,14.6,.477,0.3,0.8,.411,6.6,13.8,.480,.488,3.1,3.8,.812,2.4,4.9,7.3,1.9,0.6,1.2,1.4,2.2,17.3
Danny Green\greenda02,San Antonio Spurs,26.6,2.6,6.6,.392,1.7,4.6,.379,0.9,2.0,.420,.523,0.4,0.5,.844,0.5,2.8,3.3,1.8,1.0,0.8,1.1,1.8,7.3
Pau Gasol\gasolpa01,San Antonio Spurs,25.4,4.7,9.4,.502,0.9,1.6,.538,3.9,7.8,.494,.548,2.0,2.9,.707,1.7,6.2,7.8,2.3,0.4,1.1,1.3,1.7,12.4
Tony Parker\parketo01,San Antonio Spurs,25.2,4.2,9.0,.466,0.4,1.1,.333,3.8,7.9,.484,.486,1.3,1.9,.726,0.1,1.7,1.8,4.5,0.5,0.0,1.4,1.5,10.1
Patty Mills\millspa02,San Antonio Spurs,21.9,3.4,7.8,.440,1.8,4.4,.414,1.6,3.3,.474,.558,0.8,1.0,.825,0.3,1.5,1.8,3.5,0.8,0.0,1.3,1.4,9.5
Manu Ginobili\ginobma01,San Antonio Spurs,18.7,2.5,6.4,.390,1.3,3.3,.392,1.2,3.1,.387,.491,1.2,1.6,.804,0.4,1.9,2.3,2.7,1.2,0.2,1.4,1.7,7.5
David Lee\leeda02,San Antonio Spurs,18.7,3.1,5.3,.590,0.0,0.0,0,3.1,5.3,.590,.590,1.0,1.4,.708,1.9,3.7,5.6,1.6,0.4,0.5,1.0,1.6,7.3
Jonathon Simmons\simmojo02,San Antonio Spurs,17.8,2.3,5.4,.420,0.4,1.3,.294,1.9,4.1,.461,.456,1.3,1.7,.750,0.3,1.8,2.1,1.6,0.6,0.3,1.0,1.9,6.2
Dewayne Dedmon\dedmode01,San Antonio Spurs,17.5,2.1,3.4,.622,0.0,0.0,0,2.1,3.4,.622,.622,0.9,1.2,.699,1.7,4.8,6.5,0.6,0.5,0.8,0.8,2.4,5.1
Kyle Anderson\anderky01,San Antonio Spurs,14.2,1.3,2.9,.445,0.2,0.6,.375,1.1,2.3,.462,.481,0.6,0.8,.789,0.5,2.4,2.9,1.3,0.7,0.4,0.5,0.9,3.4
Davis Bertans\bertada01,San Antonio Spurs,12.1,1.5,3.5,.440,1.0,2.6,.399,0.5,0.9,.557,.588,0.4,0.5,.824,0.3,1.1,1.5,0.7,0.3,0.4,0.5,1.1,4.5
Nicolas Laprovittola\laproni01,San Antonio Spurs,9.7,1.1,2.6,.426,0.6,1.5,.370,0.6,1.1,.500,.532,0.5,0.5,1000,0.1,0.5,0.6,1.6,0.2,0.1,1.1,1.1,3.3
Dejounte Murray\murrade01,San Antonio Spurs,8.5,1.3,3.1,.431,0.2,0.6,.391,1.1,2.4,.441,.470,0.6,0.8,.700,0.2,0.9,1.1,1.3,0.2,0.2,1.0,0.8,3.4
Bryn Forbes\forbebr01,San Antonio Spurs,7.9,1.0,2.8,.364,0.5,1.5,.321,0.5,1.3,.413,.449,0.1,0.2,.833,0.1,0.6,0.6,0.6,0.0,0.0,0.3,0.6,2.6
Joel Anthony\anthojo01,San Antonio Spurs,6.4,0.5,0.8,.625,0.0,0.0,0,0.5,0.8,.625,.625,0.3,0.4,.625,0.4,1.2,1.6,0.2,0.1,0.3,0.2,0.6,1.3
Paul George\georgpa01,Indiana Pacers,35.9,8.3,18.0,.461,2.6,6.6,.393,5.7,11.4,.501,.534,4.5,5.0,.898,0.8,5.8,6.6,3.3,1.6,0.4,2.9,2.7,23.7
Jeff Teague\teaguje01,Indiana Pacers,32.4,4.9,11.1,.442,1.1,3.1,.357,3.8,8.0,.475,.492,4.4,5.1,.867,0.4,3.6,4.0,7.8,1.2,0.4,2.6,2.0,15.3
Myles Turner\turnemy01,Indiana Pacers,31.4,5.5,10.7,.511,0.5,1.4,.348,5.0,9.3,.536,.534,3.0,3.7,.809,1.7,5.6,7.3,1.3,0.9,2.1,1.3,3.2,14.5
Thaddeus Young\youngth01,Indiana Pacers,30.2,4.9,9.3,.527,0.6,1.6,.381,4.3,7.7,.557,.560,0.6,1.2,.523,1.8,4.3,6.1,1.6,1.5,0.4,1.3,1.8,11.0
Monta Ellis\ellismo01,Indiana Pacers,27.0,3.3,7.5,.443,0.6,1.8,.319,2.8,5.7,.483,.482,1.3,1.7,.727,0.3,2.5,2.8,3.2,1.1,0.4,1.8,2.0,8.5
C.J. Miles\milescj01,Indiana Pacers,23.4,3.7,8.5,.434,2.2,5.4,.413,1.5,3.1,.471,.565,1.1,1.2,.903,0.4,2.6,3.0,0.6,0.6,0.3,0.5,2.0,10.7
Lance Stephenson\stephla01,Indiana Pacers,22.0,3.0,7.3,.409,0.8,1.3,.625,2.2,6.0,.361,.466,0.3,0.5,.667,0.2,3.8,4.0,4.2,0.5,0.3,1.8,2.0,7.2
Glenn Robinson\robingl02,Indiana Pacers,20.7,2.3,4.9,.467,0.7,1.8,.392,1.6,3.1,.512,.540,0.8,1.1,.711,0.8,2.7,3.6,0.7,0.6,0.3,0.5,0.9,6.1
Rodney Stuckey\stuckro01,Indiana Pacers,17.8,2.3,6.3,.373,0.5,1.5,.317,1.8,4.7,.391,.412,2.1,2.7,.748,0.2,2.0,2.2,2.2,0.4,0.0,1.4,1.1,7.2
Lavoy Allen\allenla01,Indiana Pacers,14.3,1.3,2.8,.458,0.0,0.0,.000,1.3,2.7,.461,.458,0.4,0.5,.697,1.7,1.9,3.6,0.9,0.3,0.4,0.5,1.3,2.9
Al Jefferson\jeffeal01,Indiana Pacers,14.1,3.6,7.1,.499,0.0,0.0,.000,3.6,7.1,.500,.499,1.0,1.3,.765,1.1,3.1,4.2,0.9,0.3,0.2,0.5,1.9,8.1
Aaron Brooks\brookaa01,Indiana Pacers,13.8,1.9,4.6,.403,0.7,2.0,.375,1.1,2.6,.424,.483,0.5,0.6,.800,0.3,0.8,1.1,1.9,0.4,0.1,1.0,1.4,5.0
Kevin Seraphin\serapke01,Indiana Pacers,11.4,2.2,4.0,.551,0.0,0.0,.000,2.2,4.0,.556,.551,0.3,0.4,.636,0.8,2.1,2.9,0.5,0.1,0.4,0.6,1.3,4.7
Rakeem Christmas\chrisra01,Indiana Pacers,7.6,0.7,1.5,.442,0.0,0.0,0,0.7,1.5,.442,.442,0.7,1.0,.724,0.9,1.0,1.9,0.1,0.1,0.2,0.3,1.3,2.0
Joe Young\youngjo01,Indiana Pacers,4.1,0.8,2.2,.361,0.2,0.7,.217,0.6,1.5,.429,.396,0.3,0.5,.733,0.0,0.5,0.5,0.5,0.1,0.0,0.2,0.2,2.1
Georges Niang\niangge01,Indiana Pacers,4.0,0.4,1.6,.250,0.0,0.5,.083,0.3,1.0,.333,.264,0.1,0.1,1000,0.1,0.7,0.7,0.2,0.1,0.0,0.2,0.3,0.9
Marc Gasol\gasolma01,Memphis Grizzlies,34.2,7.2,15.7,.459,1.4,3.6,.388,5.8,12.1,.480,.503,3.8,4.5,.837,0.8,5.5,6.3,4.6,0.9,1.3,2.2,2.3,19.5
Mike Conley\conlemi01,Memphis Grizzlies,33.2,6.7,14.6,.460,2.5,6.1,.408,4.2,8.6,.497,.545,4.6,5.3,.859,0.4,3.0,3.5,6.3,1.3,0.3,2.3,1.8,20.5
JaMychal Green\greenja01,Memphis Grizzlies,27.3,3.2,6.5,.500,0.7,1.9,.379,2.5,4.6,.549,.555,1.7,2.2,.802,2.2,4.9,7.1,1.1,0.6,0.4,1.2,3.2,8.9
Tony Allen\allento01,Memphis Grizzlies,27.0,3.9,8.4,.461,0.2,0.8,.278,3.6,7.6,.479,.473,1.1,1.8,.615,2.3,3.2,5.5,1.4,1.6,0.4,1.4,2.5,9.1
Vince Carter\cartevi01,Memphis Grizzlies,24.6,2.6,6.7,.394,1.5,4.1,.378,1.1,2.7,.418,.508,1.2,1.6,.765,0.5,2.6,3.1,1.8,0.8,0.5,0.7,2.2,8.0
Zach Randolph\randoza01,Memphis Grizzlies,24.5,5.9,13.2,.449,0.3,1.3,.223,5.6,11.9,.474,.460,1.9,2.6,.731,2.5,5.7,8.2,1.7,0.5,0.1,1.4,1.9,14.1
James Ennis\ennisja01,Memphis Grizzlies,23.5,2.3,5.0,.455,0.8,2.1,.372,1.5,2.9,.516,.534,1.3,1.7,.782,1.1,3.0,4.0,1.0,0.7,0.3,0.9,2.6,6.7
Andrew Harrison\harrian01,Memphis Grizzlies,20.5,1.6,5.0,.325,0.6,2.2,.276,1.0,2.8,.363,.385,2.1,2.7,.763,0.3,1.6,1.9,2.8,0.7,0.3,1.2,2.7,5.9
Chandler Parsons\parsoch01,Memphis Grizzlies,19.9,2.2,6.5,.338,0.7,2.7,.269,1.5,3.8,.388,.394,1.0,1.3,.814,0.2,2.3,2.5,1.6,0.6,0.1,0.7,1.5,6.2
Troy Daniels\danietr01,Memphis Grizzlies,17.7,2.8,7.4,.374,2.1,5.3,.389,0.7,2.1,.336,.513,0.6,0.8,.796,0.3,1.2,1.5,0.7,0.3,0.1,0.7,1.3,8.2
Troy Williams\willitr02,Memphis Grizzlies,17.4,2.1,5.1,.415,0.4,1.7,.244,1.7,3.4,.500,.455,0.6,1.0,.600,0.3,1.6,1.9,0.8,1.0,0.4,1.1,1.8,5.3
Wayne Selden\seldewa01,Memphis Grizzlies,17.2,1.8,4.5,.400,0.3,1.9,.143,1.5,2.6,.586,.430,1.1,1.6,.667,0.1,0.9,1.0,1.1,0.4,0.1,0.8,1.1,5.0
Toney Douglas\douglto01,Memphis Grizzlies,16.4,1.8,4.9,.368,0.3,1.8,.167,1.5,3.1,.480,.397,1.0,1.2,.828,0.5,2.0,2.5,2.3,0.8,0.2,0.9,2.1,4.9
Brandan Wright\wrighbr03,Memphis Grizzlies,16.0,3.0,4.8,.615,0.0,0.0,.000,3.0,4.8,.619,.615,0.8,1.3,.657,1.1,1.7,2.8,0.5,0.4,0.7,0.4,1.5,6.8
Jarell Martin\martija01,Memphis Grizzlies,13.3,1.4,3.6,.384,0.2,0.6,.360,1.2,3.0,.389,.414,1.0,1.2,.800,1.0,2.9,3.9,0.2,0.4,0.2,0.7,2.2,3.9
Wade Baldwin\baldwwa01,Memphis Grizzlies,12.3,1.1,3.5,.313,0.1,0.7,.136,1.0,2.8,.355,.326,0.9,1.1,.838,0.3,1.1,1.4,1.8,0.5,0.2,1.2,1.2,3.2
Deyonta Davis\davisde01,Memphis Grizzlies,6.6,0.7,1.3,.511,0.0,0.0,0,0.7,1.3,.511,.511,0.3,0.5,.556,0.6,1.1,1.7,0.1,0.1,0.5,0.2,1.1,1.6
Damian Lillard\lillada01,Portland Trail Blazers,35.9,8.8,19.8,.444,2.9,7.7,.370,6.0,12.1,.492,.516,6.5,7.3,.895,0.6,4.3,4.9,5.9,0.9,0.3,2.6,2.0,27.0
C.J. McCollum\mccolcj01,Portland Trail Blazers,35.0,8.7,18.0,.480,2.3,5.5,.421,6.3,12.5,.506,.544,3.4,3.7,.912,0.8,2.9,3.6,3.6,0.9,0.5,2.2,2.5,23.0
Jusuf Nurkic\nurkiju01,Portland Trail Blazers,29.2,6.0,11.8,.508,0.0,0.1,.000,6.0,11.8,.511,.508,3.2,4.9,.660,3.3,7.1,10.4,3.2,1.3,1.9,3.1,3.7,15.2
Al-Farouq Aminu\aminual01,Portland Trail Blazers,29.1,3.0,7.6,.393,1.1,3.5,.330,1.9,4.2,.445,.468,1.6,2.2,.706,1.3,6.1,7.4,1.6,1.0,0.7,1.5,1.7,8.7
Maurice Harkless\harklma01,Portland Trail Blazers,28.9,4.1,8.1,.503,0.9,2.5,.351,3.2,5.6,.572,.558,1.0,1.6,.621,1.6,2.8,4.4,1.1,1.1,0.9,1.1,2.8,10.0
Allen Crabbe\crabbal01,Portland Trail Blazers,28.5,3.8,8.2,.468,1.7,3.8,.444,2.1,4.4,.490,.572,1.3,1.6,.847,0.2,2.6,2.9,1.2,0.7,0.3,0.8,2.2,10.7
Mason Plumlee\plumlma01,Portland Trail Blazers,28.1,4.4,8.2,.532,0.0,0.1,.000,4.4,8.1,.538,.532,2.4,4.1,.567,2.2,5.8,8.0,4.0,0.9,1.2,1.6,2.8,11.1
Evan Turner\turneev01,Portland Trail Blazers,25.5,3.6,8.5,.426,0.5,1.8,.263,3.1,6.7,.470,.454,1.3,1.6,.825,0.6,3.2,3.8,3.2,0.8,0.4,1.5,1.9,9.0
Ed Davis\davised01,Portland Trail Blazers,17.2,1.6,3.1,.528,0.0,0.0,0,1.6,3.1,.528,.528,1.1,1.8,.617,2.1,3.2,5.3,0.6,0.3,0.5,0.8,3.0,4.3
Noah Vonleh\vonleno01,Portland Trail Blazers,17.1,1.8,3.6,.481,0.1,0.3,.350,1.7,3.4,.492,.494,0.8,1.3,.638,1.8,3.5,5.2,0.4,0.4,0.4,0.9,2.1,4.4
Meyers Leonard\leoname01,Portland Trail Blazers,16.5,2.0,5.1,.386,1.0,2.9,.347,1.0,2.2,.436,.484,0.5,0.5,.875,0.4,2.8,3.2,1.0,0.2,0.4,0.5,2.3,5.4
Shabazz Napier\napiesh01,Portland Trail Blazers,9.7,1.4,3.5,.399,0.6,1.7,.370,0.7,1.7,.429,.492,0.7,0.9,.776,0.2,1.0,1.2,1.3,0.6,0.0,0.8,0.7,4.1
Pat Connaughton\connapa01,Portland Trail Blazers,8.1,0.9,1.8,.514,0.4,0.8,.515,0.5,1.0,.513,.632,0.2,0.2,.778,0.3,1.1,1.3,0.7,0.2,0.1,0.4,0.6,2.5
Jake Layman\laymaja01,Portland Trail Blazers,7.1,0.7,2.5,.292,0.4,1.5,.255,0.4,1.1,.342,.365,0.4,0.5,.765,0.2,0.5,0.7,0.3,0.3,0.1,0.3,0.6,2.2
Tim Quarterman\quartti01,Portland Trail Blazers,5.0,0.8,1.8,.448,0.3,0.8,.385,0.5,1.0,.500,.534,0.0,0.2,.000,0.3,0.6,0.9,0.7,0.1,0.2,0.7,0.4,1.9
LeBron James\jamesle01,Cleveland Cavaliers,37.8,9.9,18.2,.548,1.7,4.6,.363,8.3,13.5,.611,.594,4.8,7.2,.674,1.3,7.3,8.6,8.7,1.2,0.6,4.1,1.8,26.4
Kyrie Irving\irvinky01,Cleveland Cavaliers,35.1,9.3,19.7,.473,2.5,6.1,.401,6.9,13.6,.505,.535,4.1,4.6,.905,0.7,2.5,3.2,5.8,1.2,0.3,2.5,2.2,25.2
Kevin Love\loveke01,Cleveland Cavaliers,31.4,6.2,14.5,.427,2.4,6.5,.373,3.8,8.0,.471,.510,4.3,4.9,.871,2.5,8.6,11.1,1.9,0.9,0.4,2.0,2.1,19.0
Tristan Thompson\thomptr01,Cleveland Cavaliers,29.9,3.4,5.6,.600,0.0,0.0,.000,3.4,5.6,.604,.600,1.4,2.7,.498,3.7,5.5,9.2,1.0,0.5,1.1,0.8,2.3,8.1
J.R. Smith\smithjr01,Cleveland Cavaliers,29.0,3.0,8.7,.346,2.3,6.6,.351,0.7,2.1,.329,.479,0.2,0.4,.667,0.4,2.3,2.8,1.5,1.0,0.3,0.6,1.9,8.6
Iman Shumpert\shumpim01,Cleveland Cavaliers,25.5,2.6,6.4,.411,1.2,3.4,.360,1.4,3.0,.469,.507,0.9,1.2,.789,0.5,2.4,2.9,1.4,0.8,0.4,1.0,2.0,7.5
Kyle Korver\korveky01,Cleveland Cavaliers,24.5,3.7,7.7,.487,2.8,5.7,.485,1.0,2.0,.493,.667,0.4,0.4,.933,0.2,2.6,2.8,1.0,0.3,0.2,0.8,1.7,10.7
Edy Tavares\tavarwa01,Cleveland Cavaliers,24.0,3.0,4.0,.750,0.0,0.0,0,3.0,4.0,.750,.750,0.0,1.0,.000,4.0,6.0,10.0,1.0,0.0,6.0,2.0,3.0,6.0
Richard Jefferson\jefferi01,Cleveland Cavaliers,20.4,1.9,4.3,.446,0.8,2.4,.333,1.2,2.0,.580,.536,1.0,1.4,.741,0.4,2.2,2.6,1.0,0.3,0.1,0.7,1.9,5.7
Deron Williams\willide01,Cleveland Cavaliers,20.3,2.8,6.1,.463,0.9,2.2,.415,1.9,3.9,.489,.537,0.9,1.0,.840,0.0,1.8,1.9,3.6,0.3,0.3,1.7,1.8,7.5
Channing Frye\fryech01,Cleveland Cavaliers,18.9,3.2,7.0,.458,1.9,4.5,.409,1.4,2.5,.546,.589,0.9,1.0,.851,0.5,3.4,3.9,0.6,0.4,0.5,0.7,1.9,9.1
Derrick Williams\willide02,Cleveland Cavaliers,17.1,2.2,4.3,.505,0.8,2.1,.404,1.3,2.2,.600,.603,1.1,1.6,.692,0.1,2.2,2.3,0.6,0.2,0.1,0.6,1.1,6.2
Mike Dunleavy\dunlemi02,Cleveland Cavaliers,15.9,1.6,3.9,.400,0.9,2.5,.351,0.7,1.4,.485,.511,0.6,0.8,.737,0.2,1.8,2.0,0.9,0.3,0.1,0.6,1.4,4.6
DeAndre Liggins\liggide01,Cleveland Cavaliers,12.3,0.9,2.2,.382,0.3,0.7,.378,0.6,1.5,.385,.445,0.4,0.6,.622,0.3,1.4,1.7,0.9,0.7,0.2,0.7,1.3,2.4
Dahntay Jones\jonesda02,Cleveland Cavaliers,12.0,3.0,8.0,.375,0.0,2.0,.000,3.0,6.0,.500,.375,3.0,4.0,.750,1.0,1.0,2.0,1.0,0.0,0.0,1.0,1.0,9.0
Jordan McRae\mcraejo01,Cleveland Cavaliers,10.4,1.6,4.1,.387,0.5,1.4,.353,1.1,2.7,.404,.447,0.7,0.9,.794,0.2,0.9,1.1,0.5,0.2,0.2,0.4,0.8,4.4
Chris Andersen\anderch01,Cleveland Cavaliers,9.5,0.8,1.8,.409,0.0,0.3,.000,0.8,1.6,.474,.409,0.8,1.2,.714,0.8,1.8,2.6,0.4,0.4,0.6,0.4,1.7,2.3
Kay Felder\feldeka01,Cleveland Cavaliers,9.2,1.5,3.8,.392,0.2,0.5,.318,1.3,3.2,.404,.415,0.8,1.2,.714,0.1,0.9,1.0,1.4,0.4,0.2,0.7,0.9,4.0
James Jones\jonesja02,Cleveland Cavaliers,7.9,0.9,1.9,.478,0.6,1.4,.470,0.3,0.5,.500,.647,0.3,0.4,.650,0.1,0.7,0.8,0.3,0.1,0.2,0.2,0.8,2.8
Larry Sanders\sandela01,Cleveland Cavaliers,2.6,0.2,0.8,.250,0.0,0.0,0,0.2,0.8,.250,.250,0.4,0.4,1000,0.6,0.2,0.8,0.0,0.2,0.2,0.4,1.0,0.8
Andrew Bogut\bogutan01,Cleveland Cavaliers,1.0,0.0,0.0,0,0.0,0.0,0,0.0,0.0,0,0,0.0,0.0,0,0.0,0.0,0.0,0.0,0.0,0.0,0.0,2.0,0.0
Blake Griffin\griffbl01,Los Angeles Clippers,34.0,7.9,15.9,.493,0.6,1.9,.336,7.2,14.1,.514,.513,5.2,6.9,.760,1.8,6.3,8.1,4.9,0.9,0.4,2.3,2.6,21.6
DeAndre Jordan\jordade01,Los Angeles Clippers,31.7,5.1,7.1,.714,0.0,0.0,.000,5.1,7.1,.717,.714,2.5,5.2,.482,3.7,10.1,13.8,1.2,0.6,1.7,1.4,2.6,12.7
Chris Paul\paulch01,Los Angeles Clippers,31.5,6.1,12.9,.476,2.0,5.0,.411,4.1,7.9,.518,.555,3.8,4.3,.892,0.7,4.3,5.0,9.2,2.0,0.1,2.4,2.4,18.1
J.J. Redick\redicjj01,Los Angeles Clippers,28.2,5.1,11.4,.445,2.6,6.0,.429,2.5,5.4,.462,.558,2.3,2.6,.891,0.1,2.1,2.2,1.4,0.7,0.2,1.3,1.6,15.0
Austin Rivers\riverau01,Los Angeles Clippers,27.8,4.4,9.9,.442,1.5,4.0,.371,2.9,5.8,.491,.518,1.8,2.6,.691,0.3,1.9,2.2,2.8,0.6,0.1,1.6,2.5,12.0
Jamal Crawford\crawfja01,Los Angeles Clippers,26.3,4.4,10.6,.413,1.4,3.9,.360,3.0,6.7,.443,.479,2.1,2.5,.857,0.2,1.4,1.6,2.6,0.7,0.2,1.6,1.4,12.3
Luc Mbah a Moute\mbahalu01,Los Angeles Clippers,22.3,2.4,4.7,.505,0.5,1.4,.391,1.9,3.4,.552,.562,0.7,1.1,.678,0.6,1.6,2.1,0.5,1.0,0.4,0.6,1.5,6.1
Raymond Felton\feltora01,Los Angeles Clippers,21.3,2.8,6.4,.430,0.6,1.8,.319,2.2,4.6,.473,.475,0.6,0.8,.781,0.4,2.3,2.7,2.4,0.8,0.3,1.0,1.6,6.7
Marreese Speights\speigma01,Los Angeles Clippers,15.7,3.0,6.7,.445,1.3,3.4,.372,1.7,3.3,.520,.539,1.5,1.7,.876,1.1,3.5,4.5,0.8,0.3,0.5,0.8,2.8,8.7
Wesley Johnson\johnswe01,Los Angeles Clippers,11.9,1.1,2.9,.365,0.4,1.7,.246,0.6,1.2,.537,.438,0.2,0.3,.647,0.4,2.3,2.7,0.3,0.4,0.4,0.3,1.2,2.7
Brandon Bass\bassbr01,Los Angeles Clippers,11.1,2.1,3.6,.575,0.0,0.1,.333,2.0,3.5,.579,.578,1.5,1.7,.875,0.8,1.7,2.5,0.4,0.3,0.2,0.6,0.9,5.6
Paul Pierce\piercpa01,Los Angeles Clippers,11.1,1.1,2.8,.400,0.6,1.7,.349,0.5,1.1,.481,.507,0.4,0.5,.769,0.0,1.9,1.9,0.4,0.2,0.2,0.6,1.6,3.2
Alan Anderson\anderal01,Los Angeles Clippers,10.3,1.0,2.7,.375,0.5,1.5,.318,0.5,1.2,.444,.463,0.4,0.5,.750,0.1,0.7,0.8,0.4,0.1,0.0,0.2,1.2,2.9
Diamond Stone\stonedi01,Los Angeles Clippers,3.4,0.4,1.9,.231,0.0,0.0,0,0.4,1.9,.231,.231,0.6,0.6,1000,0.1,0.7,0.9,0.0,0.0,0.1,0.3,0.7,1.4
Brice Johnson\johnsbr02,Los Angeles Clippers,3.0,0.7,2.3,.286,0.0,0.0,0,0.7,2.3,.286,.286,0.0,0.0,0,0.3,0.7,1.0,0.3,0.7,0.3,0.3,0.0,1.3
Robert Covington\covinro01,Philadelphia 76ers,31.6,4.4,10.9,.399,2.0,6.1,.333,2.3,4.8,.484,.492,2.1,2.6,.822,1.4,5.1,6.5,1.5,1.9,1.0,2.0,3.0,12.9
Nik Stauskas\stausni01,Philadelphia 76ers,27.4,3.1,7.9,.396,1.7,4.5,.368,1.5,3.4,.433,.500,1.5,1.9,.813,0.3,2.6,2.8,2.4,0.6,0.4,1.6,1.8,9.5
Ersan Ilyasova\ilyaser01,Philadelphia 76ers,27.3,5.4,12.2,.440,2.0,5.6,.359,3.4,6.6,.509,.522,2.1,2.7,.768,1.3,4.6,5.9,1.8,0.6,0.3,1.5,2.5,14.8
Dario Saric\saricda01,Philadelphia 76ers,26.3,4.7,11.4,.411,1.3,4.2,.311,3.4,7.2,.469,.468,2.1,2.7,.782,1.4,5.0,6.3,2.2,0.7,0.4,2.3,2.0,12.8
T.J. McConnell\mccontj01,Philadelphia 76ers,26.3,2.9,6.3,.461,0.1,0.7,.200,2.8,5.6,.492,.472,0.9,1.1,.811,0.5,2.6,3.1,6.6,1.7,0.1,2.0,1.7,6.9
Alex Poythress\poythal01,Philadelphia 76ers,26.2,4.2,9.0,.463,1.0,3.2,.316,3.2,5.8,.543,.519,1.3,1.7,.800,1.8,3.0,4.8,0.8,0.5,0.3,0.5,2.3,10.7
Joel Embiid\embiijo01,Philadelphia 76ers,25.4,6.5,13.8,.466,1.2,3.2,.367,5.3,10.7,.495,.508,6.2,7.9,.783,2.0,5.9,7.8,2.1,0.9,2.5,3.8,3.6,20.2
Jerryd Bayless\bayleje01,Philadelphia 76ers,23.7,3.7,10.7,.344,0.7,1.7,.400,3.0,9.0,.333,.375,3.0,3.3,.900,1.0,3.0,4.0,4.3,0.0,0.0,3.0,1.3,11.0
Gerald Henderson\hendege02,Philadelphia 76ers,23.2,3.3,7.7,.423,0.8,2.4,.353,2.4,5.3,.455,.478,1.8,2.3,.806,0.5,2.1,2.6,1.6,0.6,0.2,0.9,1.8,9.2
Jahlil Okafor\okafoja01,Philadelphia 76ers,22.7,4.8,9.4,.514,0.0,0.0,0,4.8,9.4,.514,.514,2.1,3.2,.671,1.6,3.2,4.8,1.2,0.4,1.0,1.8,2.4,11.8
Sergio Rodriguez\rodrise01,Philadelphia 76ers,22.3,3.1,7.9,.392,1.4,3.7,.365,1.7,4.2,.415,.478,0.3,0.4,.667,0.3,2.0,2.3,5.1,0.7,0.1,1.9,1.4,7.8
Justin Anderson\anderju01,Philadelphia 76ers,21.6,3.1,6.8,.463,0.9,3.0,.292,2.3,3.8,.600,.528,1.3,1.7,.780,1.3,2.8,4.0,1.4,0.5,0.3,1.1,1.9,8.5
Richaun Holmes\holmeri01,Philadelphia 76ers,20.9,4.0,7.2,.558,0.5,1.4,.351,3.6,5.9,.606,.591,1.3,1.8,.699,1.6,3.8,5.5,1.0,0.7,1.0,1.0,2.4,9.8
Jerami Grant\grantje01,Philadelphia 76ers,20.5,3.0,8.5,.353,0.0,1.0,.000,3.0,7.5,.400,.353,2.0,4.0,.500,0.0,3.0,3.0,0.0,0.0,2.0,1.5,2.5,8.0
Nerlens Noel\noelne01,Philadelphia 76ers,19.4,3.7,6.0,.611,0.0,0.0,.000,3.7,6.0,.615,.611,1.5,2.2,.683,1.6,3.4,5.0,1.0,1.5,0.9,1.0,2.4,8.9
Hollis Thompson\thompho01,Philadelphia 76ers,18.1,2.1,5.1,.415,0.8,2.3,.366,1.3,2.8,.455,.497,0.4,0.6,.650,0.5,2.2,2.7,0.8,0.5,0.2,0.3,1.8,5.5
Timothe Luwawu-Cabarrot\luwawti01,Philadelphia 76ers,17.2,2.1,5.2,.402,0.7,2.3,.311,1.4,2.9,.475,.471,1.5,1.8,.854,0.4,1.8,2.2,1.1,0.5,0.1,1.1,2.2,6.4
Shawn Long\longsh01,Philadelphia 76ers,13.0,3.4,6.1,.560,0.4,1.1,.368,3.0,5.0,.600,.592,1.1,1.9,.543,2.3,2.4,4.7,0.7,0.5,0.5,0.7,2.7,8.2
Justin Harper\harpeju01,Philadelphia 76ers,10.3,1.7,4.0,.417,0.7,2.3,.286,1.0,1.7,.600,.500,0.0,0.0,0,0.7,1.0,1.7,0.7,0.0,0.0,1.3,0.7,4.0
Tiago Splitter\splitti01,Philadelphia 76ers,9.5,1.8,3.9,.452,0.3,0.8,.333,1.5,3.1,.480,.484,1.1,1.4,.818,1.0,1.8,2.8,0.5,0.1,0.1,0.8,1.0,4.9
Chasson Randle\randlch01,Philadelphia 76ers,9.3,1.5,3.3,.462,0.8,1.9,.400,0.8,1.4,.545,.577,1.5,1.5,1000,0.0,0.6,0.6,0.8,0.4,0.1,0.4,1.4,5.3
Harrison Barnes\barneha02,Dallas Mavericks,35.5,7.6,16.2,.468,1.0,2.8,.351,6.6,13.4,.492,.498,3.1,3.6,.861,1.2,3.8,5.0,1.5,0.8,0.2,1.3,1.6,19.2
Wesley Matthews\matthwe02,Dallas Mavericks,34.2,4.6,11.6,.393,2.4,6.6,.363,2.2,5.0,.432,.496,2.0,2.5,.816,0.2,3.3,3.5,2.9,1.1,0.2,1.4,2.2,13.5
Deron Williams\willide01,Dallas Mavericks,29.3,4.9,11.3,.430,1.6,4.5,.348,3.3,6.8,.485,.500,1.7,2.1,.821,0.3,2.2,2.6,6.9,0.6,0.1,2.5,2.4,13.1
Yogi Ferrell\ferreyo01,Dallas Mavericks,29.1,3.9,9.6,.412,1.7,4.1,.403,2.3,5.4,.418,.499,1.8,2.0,.877,0.4,2.3,2.8,4.3,1.1,0.2,1.6,2.2,11.3
Seth Curry\curryse01,Dallas Mavericks,29.0,4.8,10.0,.481,2.0,4.6,.425,2.9,5.4,.528,.578,1.2,1.4,.850,0.4,2.2,2.6,2.7,1.1,0.1,1.3,1.8,12.8
Dirk Nowitzki\nowitdi01,Dallas Mavericks,26.4,5.5,12.6,.437,1.5,3.9,.378,4.0,8.7,.463,.495,1.8,2.1,.875,0.4,6.1,6.5,1.5,0.6,0.7,0.9,2.1,14.2
DeAndre Liggins\liggide01,Dallas Mavericks,25.0,3.0,6.0,.500,0.0,1.0,.000,3.0,5.0,.600,.500,2.0,3.0,.667,3.0,4.0,7.0,0.0,2.0,0.0,0.0,3.0,8.0
Nerlens Noel\noelne01,Dallas Mavericks,22.0,3.5,6.1,.575,0.0,0.0,0,3.5,6.1,.575,.575,1.5,2.2,.708,2.1,4.7,6.8,0.9,1.0,1.1,1.0,2.5,8.5
J.J. Barea\bareajo01,Dallas Mavericks,22.0,4.1,9.8,.414,1.5,4.2,.358,2.5,5.6,.456,.491,1.3,1.5,.863,0.3,2.1,2.4,5.5,0.4,0.0,1.8,0.9,10.9
Dorian Finney-Smith\finnedo01,Dallas Mavericks,20.3,1.5,4.1,.372,0.7,2.4,.293,0.8,1.8,.479,.456,0.6,0.8,.754,0.7,2.1,2.7,0.8,0.6,0.3,0.6,1.5,4.3
Dwight Powell\poweldw01,Dallas Mavericks,17.3,2.5,4.9,.515,0.3,1.0,.284,2.2,3.9,.571,.542,1.4,1.8,.759,1.2,2.8,4.0,0.6,0.8,0.5,0.4,1.8,6.7
Devin Harris\harride01,Dallas Mavericks,16.7,2.1,5.2,.399,0.9,2.7,.328,1.2,2.5,.476,.484,1.6,2.0,.829,0.2,1.8,2.0,2.1,0.7,0.1,0.9,1.6,6.7
Quinn Cook\cookqu01,Dallas Mavericks,15.4,2.2,5.0,.440,1.0,2.8,.357,1.2,2.2,.545,.540,0.0,0.4,.000,0.0,0.6,0.6,2.4,0.2,0.0,1.6,1.2,5.4
Justin Anderson\anderju01,Dallas Mavericks,13.9,2.2,5.4,.401,0.7,2.4,.303,1.5,3.0,.477,.468,1.4,1.7,.795,0.8,2.2,2.9,0.6,0.5,0.3,0.8,1.3,6.5
Jonathan Gibson\gibsojo01,Dallas Mavericks,13.6,2.1,5.6,.368,0.9,2.6,.333,1.2,2.9,.400,.447,1.2,1.7,.724,0.1,1.2,1.3,1.5,0.5,0.0,1.2,1.2,6.2
Jarrod Uthoff\uthofja01,Dallas Mavericks,12.8,1.8,4.2,.421,0.3,1.0,.333,1.4,3.2,.448,.461,0.6,0.8,.714,0.9,1.6,2.4,1.0,0.2,0.4,0.3,0.9,4.4
Salah Mejri\mejrisa01,Dallas Mavericks,12.4,1.2,1.9,.642,0.0,0.0,.333,1.2,1.8,.649,.646,0.5,0.8,.590,1.3,2.9,4.2,0.2,0.4,0.8,0.5,2.1,2.9
Pierre Jackson\jackspi01,Dallas Mavericks,10.5,1.6,4.9,.333,0.4,1.4,.273,1.3,3.5,.357,.372,0.8,0.9,.857,0.1,1.0,1.1,2.4,0.3,0.0,0.4,0.6,4.4
Nicolas Brussino\brussni01,Dallas Mavericks,9.6,1.0,2.6,.369,0.5,1.8,.305,0.4,0.9,.500,.472,0.3,0.4,.773,0.5,1.3,1.8,0.9,0.3,0.1,0.5,0.8,2.8
Quincy Acy\acyqu01,Dallas Mavericks,8.0,0.8,2.8,.294,0.2,1.2,.143,0.7,1.7,.400,.324,0.3,0.5,.667,0.3,1.0,1.3,0.0,0.0,0.0,0.3,1.5,2.2
A.J. Hammons\hammoaj01,Dallas Mavericks,7.4,0.8,1.9,.405,0.2,0.5,.500,0.5,1.5,.375,.464,0.4,0.9,.450,0.4,1.3,1.6,0.2,0.0,0.6,0.5,1.0,2.2
Manny Harris\harrima01,Dallas Mavericks,6.3,0.8,3.8,.200,0.0,0.5,.000,0.8,3.3,.231,.200,0.5,1.0,.500,0.8,1.5,2.3,0.5,0.0,0.0,0.5,0.3,2.0
Ben Bentil\bentibe01,Dallas Mavericks,3.3,0.0,1.0,.000,0.0,0.3,.000,0.0,0.7,.000,.000,0.0,0.0,0,0.0,0.7,0.7,0.0,0.0,0.0,0.3,0.3,0.0
James Harden\hardeja01,Houston Rockets,36.4,8.3,18.9,.440,3.2,9.3,.347,5.1,9.6,.530,.525,9.2,10.9,.847,1.2,7.0,8.1,11.2,1.5,0.5,5.7,2.7,29.1
Trevor Ariza\arizatr01,Houston Rockets,34.7,4.1,10.0,.409,2.4,6.9,.344,1.7,3.0,.556,.528,1.2,1.6,.738,0.7,5.1,5.7,2.2,1.8,0.3,0.9,1.7,11.7
Eric Gordon\gordoer01,Houston Rockets,31.0,5.5,13.5,.406,3.3,8.8,.372,2.2,4.7,.468,.527,2.0,2.3,.840,0.4,2.3,2.7,2.5,0.6,0.5,1.6,2.0,16.2
Patrick Beverley\beverpa01,Houston Rockets,30.7,3.4,8.1,.420,1.6,4.3,.382,1.8,3.8,.463,.521,1.1,1.4,.768,1.4,4.4,5.9,4.2,1.5,0.4,1.5,3.3,9.5
Ryan Anderson\anderry01,Houston Rockets,29.4,4.5,10.7,.418,2.8,7.0,.403,1.7,3.7,.446,.550,1.8,2.1,.860,1.6,3.0,4.6,0.9,0.4,0.2,0.8,2.0,13.6
Lou Williams\willilo02,Houston Rockets,25.7,4.4,11.5,.386,1.8,5.6,.318,2.7,5.9,.452,.464,4.3,4.9,.867,0.5,2.5,3.0,2.4,0.7,0.4,1.7,1.1,14.9
Clint Capela\capelca01,Houston Rockets,23.9,5.6,8.7,.643,0.0,0.0,0,5.6,8.7,.643,.643,1.4,2.7,.531,2.7,5.4,8.1,1.0,0.5,1.2,1.3,2.8,12.6
Troy Williams\willitr02,Houston Rockets,23.2,3.7,7.3,.500,1.3,3.5,.381,2.3,3.8,.609,.591,1.0,1.2,.857,1.5,2.5,4.0,1.0,0.5,0.2,1.0,3.0,9.7
Sam Dekker\dekkesa01,Houston Rockets,18.4,2.6,5.6,.473,0.8,2.4,.321,1.9,3.1,.591,.543,0.5,0.9,.559,1.2,2.5,3.7,1.0,0.5,0.3,0.5,1.1,6.5
Montrezl Harrell\harremo01,Houston Rockets,18.3,3.9,5.9,.652,0.0,0.1,.143,3.9,5.8,.663,.654,1.3,2.1,.628,1.4,2.4,3.8,1.1,0.3,0.7,0.8,2.2,9.1
Nene Hilario\hilarne01,Houston Rockets,17.9,3.7,5.9,.617,0.0,0.1,.333,3.6,5.8,.624,.621,1.7,2.9,.589,1.4,2.8,4.2,1.0,0.8,0.6,1.1,2.4,9.1
Corey Brewer\breweco01,Houston Rockets,15.9,1.6,3.9,.414,0.4,1.6,.234,1.2,2.3,.541,.463,0.6,0.8,.727,0.4,1.6,2.0,1.1,0.6,0.2,0.6,1.8,4.2
Isaiah Taylor\taylois01,Houston Rockets,13.0,0.3,1.8,.143,0.0,0.5,.000,0.3,1.3,.200,.143,0.3,0.5,.500,0.3,0.5,0.8,0.8,0.3,0.3,0.0,1.5,0.8
Chinanu Onuaku\onuakch01,Houston Rockets,10.4,1.0,1.4,.714,0.0,0.0,0,1.0,1.4,.714,.714,0.8,0.8,1000,0.4,1.6,2.0,0.6,0.6,0.2,0.8,1.2,2.8
K.J. McDaniels\mcdankj01,Houston Rockets,7.3,1.1,2.3,.456,0.3,0.9,.333,0.8,1.4,.537,.522,0.3,0.3,.900,0.2,0.8,1.0,0.1,0.2,0.3,0.3,0.8,2.8
Tyler Ennis\ennisty01,Houston Rockets,6.3,0.8,2.1,.391,0.2,0.5,.375,0.6,1.5,.396,.438,0.1,0.1,.667,0.1,0.5,0.6,1.1,0.2,0.0,0.8,0.9,1.9
Bobby Brown\brownbo02,Houston Rockets,4.9,0.9,2.4,.383,0.6,1.4,.400,0.4,1.0,.360,.500,0.1,0.1,1000,0.0,0.2,0.2,0.6,0.0,0.0,0.2,0.2,2.5
Kyle Wiltjer\wiltjky01,Houston Rockets,3.1,0.3,1.0,.286,0.3,0.9,.308,0.0,0.1,.000,.429,0.1,0.1,.500,0.3,0.4,0.7,0.1,0.2,0.1,0.4,0.3,0.9
Giannis Antetokounmpo\antetgi01,Milwaukee Bucks,35.6,8.2,15.7,.521,0.6,2.3,.272,7.6,13.5,.563,.541,5.9,7.7,.770,1.8,7.0,8.8,5.4,1.6,1.9,2.9,3.1,22.9
Jabari Parker\parkeja01,Milwaukee Bucks,33.9,7.8,16.0,.490,1.3,3.5,.365,6.5,12.5,.525,.530,3.2,4.3,.743,1.5,4.6,6.2,2.8,1.0,0.4,1.8,2.2,20.1
Khris Middleton\middlkh01,Milwaukee Bucks,30.7,5.2,11.5,.450,1.6,3.6,.433,3.6,7.9,.459,.518,2.8,3.2,.880,0.4,3.9,4.2,3.4,1.4,0.2,2.2,2.7,14.7
Tony Snell\snellto01,Milwaukee Bucks,29.2,3.1,6.8,.455,1.8,4.4,.406,1.3,2.3,.548,.588,0.6,0.7,.810,0.3,2.8,3.1,1.2,0.7,0.2,0.7,1.6,8.5
Malcolm Brogdon\brogdma01,Milwaukee Bucks,26.4,3.9,8.5,.457,1.0,2.6,.404,2.8,5.9,.480,.518,1.5,1.7,.865,0.6,2.2,2.8,4.2,1.1,0.2,1.5,1.9,10.2
Matthew Dellavedova\dellama01,Milwaukee Bucks,26.1,2.7,7.0,.390,1.0,2.8,.367,1.7,4.2,.404,.463,1.1,1.3,.854,0.3,1.6,1.9,4.7,0.7,0.0,1.8,2.0,7.6
Greg Monroe\monrogr01,Milwaukee Bucks,22.5,4.8,9.0,.533,0.0,0.0,.000,4.8,8.9,.536,.533,2.2,3.0,.741,2.1,4.5,6.6,2.3,1.1,0.5,1.7,2.1,11.7
John Henson\hensojo01,Milwaukee Bucks,19.4,2.7,5.3,.515,0.0,0.0,.000,2.7,5.3,.516,.515,1.3,1.8,.692,1.6,3.5,5.1,1.0,0.5,1.3,0.9,2.6,6.8
Jason Terry\terryja01,Milwaukee Bucks,18.4,1.4,3.3,.432,1.0,2.3,.427,0.4,1.0,.444,.582,0.3,0.4,.828,0.2,1.2,1.4,1.3,0.6,0.3,0.5,1.3,4.1
Michael Beasley\beaslmi01,Milwaukee Bucks,16.7,3.9,7.3,.532,0.3,0.8,.419,3.5,6.5,.545,.554,1.4,1.9,.743,0.7,2.7,3.4,0.9,0.5,0.5,1.2,1.6,9.4
Gary Payton\paytoga02,Milwaukee Bucks,16.5,1.3,3.7,.364,0.2,1.5,.111,1.2,2.2,.538,.386,0.5,0.8,.600,0.0,2.0,2.0,2.2,0.5,0.7,1.7,1.5,3.3
Mirza Teletovic\teletmi01,Milwaukee Bucks,16.2,2.2,6.0,.373,1.5,4.4,.341,0.7,1.6,.460,.498,0.5,0.6,.778,0.2,2.2,2.3,0.7,0.2,0.2,0.5,1.6,6.4
Rashad Vaughn\vaughra01,Milwaukee Bucks,11.2,1.4,3.8,.365,0.6,2.0,.321,0.8,1.8,.413,.449,0.0,0.1,.400,0.1,1.1,1.2,0.6,0.5,0.2,0.3,0.8,3.5
Thon Maker\makerth01,Milwaukee Bucks,9.9,1.5,3.2,.459,0.5,1.3,.378,1.0,1.9,.514,.536,0.6,0.9,.653,0.7,1.3,2.0,0.4,0.2,0.5,0.3,1.5,4.0
Miles Plumlee\plumlmi01,Milwaukee Bucks,9.7,0.9,2.1,.441,0.0,0.0,0,0.9,2.1,.441,.441,0.7,1.1,.629,0.7,0.9,1.7,0.6,0.3,0.3,0.7,1.5,2.6
Spencer Hawes\hawessp01,Milwaukee Bucks,9.0,1.6,3.1,.508,0.5,1.4,.346,1.1,1.7,.636,.585,0.7,0.9,.778,0.3,2.1,2.4,1.0,0.1,0.2,0.5,0.8,4.4
Axel Toupane\toupaax01,Milwaukee Bucks,3.0,0.0,0.5,.000,0.0,0.5,.000,0.0,0.0,0,.000,0.0,0.0,0,0.0,0.0,0.0,0.0,0.0,0.0,0.0,0.5,0.0
Steve Novak\novakst01,Milwaukee Bucks,2.8,0.3,0.9,.286,0.1,0.8,.167,0.1,0.1,1000,.357,0.0,0.0,0,0.0,0.4,0.4,0.0,0.0,0.0,0.0,0.1,0.6
Terrence Jones\joneste01,Milwaukee Bucks,2.0,0.0,1.0,.000,0.0,0.0,0,0.0,1.0,.000,.000,0.0,0.0,0,0.0,1.0,1.0,0.0,0.3,0.3,0.0,0.0,0.0
Carmelo Anthony\anthoca01,New York Knicks,34.3,8.1,18.8,.433,2.0,5.7,.359,6.1,13.1,.466,.488,4.1,4.9,.833,0.8,5.1,5.9,2.9,0.8,0.5,2.1,2.7,22.4
Kristaps Porzingis\porzikr01,New York Knicks,32.8,6.7,14.9,.450,1.7,4.8,.357,5.0,10.2,.493,.507,3.0,3.8,.786,1.7,5.5,7.2,1.5,0.7,2.0,1.8,3.7,18.1
Derrick Rose\rosede01,New York Knicks,32.5,7.2,15.3,.471,0.2,0.9,.217,7.0,14.3,.487,.477,3.5,4.0,.874,1.0,2.8,3.8,4.4,0.7,0.3,2.3,1.3,18.0
Courtney Lee\leeco01,New York Knicks,31.9,4.2,9.1,.456,1.4,3.5,.401,2.8,5.6,.490,.533,1.1,1.3,.867,0.7,2.7,3.4,2.3,1.1,0.3,0.9,1.8,10.8
Brandon Jennings\jennibr01,New York Knicks,24.6,2.8,7.4,.380,1.2,3.4,.340,1.6,3.9,.415,.459,1.8,2.3,.756,0.4,2.3,2.6,4.9,0.9,0.1,1.8,1.4,8.6
Joakim Noah\noahjo01,New York Knicks,22.1,2.2,4.4,.490,0.0,0.0,.000,2.2,4.4,.493,.490,0.7,1.7,.436,3.5,5.2,8.8,2.2,0.7,0.8,1.3,2.8,5.0
Lance Thomas\thomala01,New York Knicks,21.0,2.1,5.3,.398,0.8,1.8,.447,1.3,3.5,.371,.475,0.9,1.1,.843,0.7,2.4,3.1,0.8,0.5,0.1,0.5,1.8,6.0
Justin Holiday\holidju01,New York Knicks,20.0,2.8,6.6,.433,1.2,3.3,.355,1.7,3.2,.513,.523,0.8,1.0,.825,0.3,2.4,2.7,1.2,0.8,0.4,0.8,1.3,7.7
Willy Hernangomez\hernawi01,New York Knicks,18.4,3.4,6.5,.529,0.1,0.2,.267,3.4,6.3,.538,.533,1.3,1.7,.728,2.4,4.6,7.0,1.3,0.6,0.5,1.4,2.1,8.2
Ron Baker\bakerro01,New York Knicks,16.5,1.6,4.2,.378,0.4,1.7,.267,1.1,2.5,.450,.431,0.5,0.8,.651,0.2,1.7,1.9,2.1,0.7,0.2,1.1,1.4,4.1
Kyle O'Quinn\oquinky01,New York Knicks,15.6,2.7,5.2,.521,0.0,0.2,.118,2.7,5.0,.538,.523,0.8,1.1,.771,2.0,3.6,5.6,1.5,0.5,1.3,1.0,2.2,6.3
Mindaugas Kuzminskas\kuzmimi01,New York Knicks,14.9,2.3,5.4,.428,0.8,2.5,.321,1.5,3.0,.517,.501,0.8,1.0,.809,0.7,1.2,1.9,1.0,0.4,0.2,0.8,1.2,6.3
Chasson Randle\randlch01,New York Knicks,12.5,1.6,4.0,.389,0.6,1.8,.313,1.0,2.2,.450,.458,1.6,1.7,.935,0.3,1.2,1.5,1.6,0.3,0.1,0.9,1.6,5.3
Maurice Ndour\ndourma01,New York Knicks,10.3,1.2,2.7,.453,0.0,0.2,.143,1.2,2.5,.481,.459,0.6,0.8,.731,0.7,1.3,2.0,0.3,0.5,0.3,0.4,0.9,3.1
Sasha Vujacic\vujacsa01,New York Knicks,9.7,1.0,3.2,.309,0.5,1.8,.311,0.5,1.5,.306,.393,0.4,0.6,.708,0.3,1.1,1.4,1.2,0.3,0.0,0.4,0.9,3.0
Marshall Plumlee\plumlma02,New York Knicks,8.1,0.8,1.4,.533,0.0,0.0,0,0.8,1.4,.533,.533,0.4,0.9,.421,1.1,1.3,2.4,0.5,0.2,0.2,0.6,1.1,1.9
Danilo Gallinari\gallida01,Denver Nuggets,33.9,5.3,11.9,.447,2.0,5.1,.389,3.3,6.8,.491,.531,5.5,6.1,.902,0.6,4.5,5.2,2.1,0.6,0.2,1.3,1.5,18.2
Gary Harris\harriga01,Denver Nuggets,31.3,5.6,11.2,.502,1.9,4.5,.420,3.7,6.7,.558,.586,1.8,2.4,.776,0.8,2.3,3.1,2.9,1.2,0.1,1.3,1.6,14.9
Wilson Chandler\chandwi01,Denver Nuggets,30.9,6.1,13.2,.461,1.5,4.6,.337,4.5,8.6,.527,.520,2.0,2.7,.727,1.5,5.0,6.5,2.0,0.7,0.4,1.6,2.4,15.7
Will Barton\bartowi01,Denver Nuggets,28.4,4.9,11.1,.443,1.5,3.9,.370,3.5,7.2,.483,.508,2.4,3.2,.753,1.0,3.4,4.3,3.4,0.8,0.5,1.6,1.8,13.7
Nikola Jokic\jokicni01,Denver Nuggets,27.9,6.8,11.7,.578,0.6,1.9,.324,6.2,9.8,.628,.605,2.6,3.1,.825,2.9,6.9,9.8,4.9,0.8,0.8,2.3,2.9,16.7
Jameer Nelson\nelsoja01,Denver Nuggets,27.3,3.6,8.1,.444,1.4,3.6,.388,2.2,4.4,.489,.531,0.6,0.8,.714,0.4,2.2,2.6,5.1,0.7,0.1,1.7,2.6,9.2
Emmanuel Mudiay\mudiaem01,Denver Nuggets,25.6,3.8,10.0,.377,1.0,3.2,.315,2.8,6.8,.408,.428,2.4,3.0,.784,0.5,2.7,3.2,3.9,0.7,0.2,2.2,1.7,11.0
Mason Plumlee\plumlma01,Denver Nuggets,23.4,3.7,6.7,.547,0.0,0.0,.000,3.7,6.7,.550,.547,1.7,2.8,.618,1.9,4.6,6.4,2.6,0.7,1.1,1.7,2.9,9.1
Jamal Murray\murraja01,Denver Nuggets,21.5,3.6,8.9,.404,1.4,4.2,.334,2.2,4.7,.466,.483,1.3,1.5,.883,0.5,2.1,2.6,2.1,0.6,0.3,1.4,1.5,9.9
Kenneth Faried\farieke01,Denver Nuggets,21.2,3.7,6.8,.548,0.0,0.1,.000,3.7,6.7,.556,.548,2.1,3.1,.693,3.0,4.6,7.6,0.9,0.7,0.7,1.0,2.0,9.6
Jusuf Nurkic\nurkiju01,Denver Nuggets,17.9,3.4,6.6,.507,0.0,0.0,0,3.4,6.6,.507,.507,1.2,2.5,.496,2.0,3.8,5.8,1.3,0.6,0.8,1.8,2.0,8.0
Darrell Arthur\arthuda01,Denver Nuggets,15.6,2.3,5.2,.442,1.3,2.9,.453,1.0,2.4,.429,.565,0.5,0.5,.864,0.6,2.1,2.7,1.0,0.5,0.5,0.9,1.9,6.4
Juan Hernangomez\hernaju01,Denver Nuggets,13.6,1.6,3.6,.451,0.7,1.8,.407,0.9,1.8,.495,.554,0.9,1.2,.750,0.7,2.3,3.0,0.5,0.5,0.2,0.5,1.0,4.9
Mike Miller\millemi01,Denver Nuggets,7.6,0.5,1.2,.391,0.4,1.0,.400,0.1,0.2,.333,.565,0.1,0.1,1000,0.1,1.8,1.9,1.1,0.1,0.0,0.7,0.5,1.4
Malik Beasley\beaslma01,Denver Nuggets,7.5,1.5,3.3,.452,0.4,1.3,.321,1.1,2.0,.533,.514,0.4,0.5,.800,0.2,0.5,0.8,0.5,0.3,0.0,0.4,0.5,3.8
Alonzo Gee\geeal01,Denver Nuggets,6.8,0.2,1.1,.214,0.0,0.2,.000,0.2,0.8,.273,.214,0.4,0.7,.556,0.3,0.8,1.2,0.5,0.4,0.1,0.3,1.1,0.8
Johnny O'Bryant\obryajo01,Denver Nuggets,6.6,1.0,2.1,.467,0.3,0.4,.667,0.7,1.7,.417,.533,0.6,0.6,1000,0.7,0.9,1.6,0.3,0.0,0.1,0.4,0.6,2.9
Jarnell Stokes\stokeja01,Denver Nuggets,3.5,0.5,0.5,1000,0.0,0.0,0,0.5,0.5,1000,1000,0.5,1.0,.500,0.5,0.5,1.0,1.0,0.5,0.0,0.0,1.5,1.5
Roy Hibbert\hibbero01,Denver Nuggets,1.8,0.3,0.5,.667,0.0,0.0,0,0.3,0.5,.667,.667,0.0,0.0,0,0.2,0.2,0.3,0.2,0.0,0.3,0.2,0.5,0.7
Roy Hibbert\hibbero01,Orlando Magic,1.8,0.3,0.5,.667,0.0,0.0,0,0.3,0.5,.667,.667,0.0,0.0,0,0.2,0.2,0.3,0.2,0.0,0.3,0.2,0.5,0.7
Evan Fournier\fournev01,Orlando Magic,32.9,6.0,13.7,.439,1.9,5.3,.356,4.1,8.4,.491,.508,3.3,4.1,.805,0.6,2.4,3.1,3.0,1.0,0.1,2.1,2.6,17.2
Terrence Ross\rosste01,Orlando Magic,31.2,4.8,11.1,.431,1.9,5.6,.341,2.9,5.5,.523,.517,1.0,1.1,.852,0.2,2.7,2.8,1.8,1.4,0.5,1.5,2.5,12.5
Serge Ibaka\ibakase01,Orlando Magic,30.5,6.1,12.6,.488,1.5,3.8,.388,4.6,8.7,.532,.547,1.4,1.6,.846,1.8,5.0,6.8,1.1,0.6,1.6,1.2,2.5,15.1
Elfrid Payton\paytoel01,Orlando Magic,29.4,5.2,11.1,.471,0.5,1.8,.274,4.8,9.3,.509,.493,1.8,2.6,.692,1.1,3.6,4.7,6.5,1.1,0.5,2.2,2.2,12.8
Nikola Vucevic\vucevni01,Orlando Magic,28.8,6.4,13.7,.468,0.3,1.0,.307,6.1,12.7,.481,.480,1.4,2.1,.669,2.3,8.0,10.4,2.8,1.0,1.0,1.6,2.4,14.6
Aaron Gordon\gordoaa01,Orlando Magic,28.7,4.9,10.8,.454,1.0,3.3,.288,4.0,7.5,.528,.499,2.0,2.7,.719,1.5,3.6,5.1,1.9,0.8,0.5,1.1,2.2,12.7
Jeff Green\greenje02,Orlando Magic,22.2,3.2,8.1,.394,0.8,2.8,.275,2.4,5.3,.458,.442,2.1,2.4,.863,0.6,2.5,3.1,1.2,0.5,0.2,1.1,1.5,9.2
Bismack Biyombo\biyombi01,Orlando Magic,22.1,2.2,4.2,.528,0.0,0.0,0,2.2,4.2,.528,.528,1.5,2.9,.534,1.9,5.1,7.0,0.9,0.3,1.1,1.2,2.5,6.0
Jodie Meeks\meeksjo01,Orlando Magic,20.5,2.9,7.1,.402,1.6,3.8,.409,1.3,3.3,.395,.512,1.8,2.1,.878,0.1,2.0,2.1,1.3,0.9,0.1,1.0,1.1,9.1
D.J. Augustin\augusdj01,Orlando Magic,19.7,2.5,6.6,.377,1.2,3.5,.347,1.3,3.1,.412,.469,1.7,2.1,.814,0.2,1.3,1.5,2.7,0.4,0.0,1.2,1.3,7.9
C.J. Watson\watsocj01,Orlando Magic,16.3,1.5,4.0,.387,0.5,1.7,.305,1.0,2.3,.448,.452,0.9,1.1,.864,0.3,1.2,1.4,1.8,0.7,0.0,0.8,1.4,4.5
Mario Hezonja\hezonma01,Orlando Magic,14.8,1.8,5.1,.355,0.7,2.2,.299,1.1,2.9,.398,.420,0.6,0.8,.800,0.3,1.9,2.2,1.0,0.5,0.2,0.9,1.1,4.9
Marcus Georges-Hunt\georgma01,Orlando Magic,9.6,0.4,1.4,.286,0.2,0.4,.500,0.2,1.0,.200,.357,1.8,2.0,.900,0.2,1.6,1.8,0.6,0.2,0.0,0.4,1.0,2.8
Patricio Garino\garinpa01,Orlando Magic,8.6,0.0,1.4,.000,0.0,1.0,.000,0.0,0.4,.000,.000,0.0,0.0,0,0.2,1.2,1.4,0.0,0.0,0.0,0.6,0.8,0.0
Anthony Brown\brownan02,Orlando Magic,8.0,2.0,4.5,.444,0.5,1.5,.333,1.5,3.0,.500,.500,0.0,0.0,0,1.0,2.5,3.5,1.0,0.0,0.0,0.5,1.0,4.5
Damjan Rudez\rudezda01,Orlando Magic,7.0,0.7,2.0,.352,0.4,1.4,.313,0.2,0.5,.458,.466,0.0,0.0,0,0.1,0.4,0.6,0.4,0.3,0.0,0.2,0.7,1.8
Stephen Zimmerman\zimmest01,Orlando Magic,5.7,0.5,1.6,.323,0.0,0.0,0,0.5,1.6,.323,.323,0.2,0.3,.600,0.6,1.3,1.8,0.2,0.1,0.3,0.2,0.9,1.2
C.J. Wilcox\wilcocj01,Orlando Magic,4.9,0.4,1.4,.258,0.1,0.7,.200,0.2,0.7,.313,.306,0.1,0.1,1000,0.2,0.4,0.5,0.5,0.1,0.0,0.3,0.4,1.0
Arinze Onuaku\onuakar01,Orlando Magic,3.5,0.3,0.5,.500,0.0,0.0,0,0.3,0.5,.500,.500,0.0,0.0,0,0.3,0.5,0.8,0.3,0.0,0.1,0.3,0.4,0.5
Justise Winslow\winslju01,Miami Heat,34.7,4.4,12.5,.356,0.4,1.9,.200,4.1,10.6,.384,.371,1.6,2.6,.617,1.3,3.9,5.2,3.7,1.4,0.3,1.8,2.9,10.9
Goran Dragic\dragigo01,Miami Heat,33.7,7.3,15.4,.475,1.6,4.0,.405,5.7,11.4,.499,.527,4.1,5.2,.790,0.8,3.0,3.8,5.8,1.2,0.2,2.9,2.7,20.3
Hassan Whiteside\whiteha01,Miami Heat,32.6,7.0,12.6,.557,0.0,0.0,0,7.0,12.6,.557,.557,2.9,4.6,.628,3.8,10.3,14.1,0.7,0.7,2.1,2.0,2.9,17.0
Josh Richardson\richajo01,Miami Heat,30.5,3.8,9.7,.394,1.4,4.3,.330,2.4,5.4,.444,.467,1.1,1.5,.779,0.7,2.5,3.2,2.6,1.1,0.7,1.2,2.5,10.2
Dion Waiters\waitedi01,Miami Heat,30.1,6.1,14.4,.424,1.8,4.7,.395,4.3,9.7,.438,.488,1.8,2.8,.646,0.4,2.9,3.3,4.3,0.9,0.4,2.2,2.1,15.8
Tyler Johnson\johnsty01,Miami Heat,29.8,4.9,11.3,.433,1.3,3.4,.372,3.6,7.9,.460,.490,2.7,3.5,.768,0.7,3.3,4.0,3.2,1.2,0.6,1.2,2.4,13.7
James Johnson\johnsja01,Miami Heat,27.4,4.8,10.1,.479,1.1,3.4,.340,3.7,6.8,.548,.535,2.0,2.8,.707,0.9,4.1,4.9,3.6,1.0,1.1,2.3,2.6,12.8
Rodney McGruder\mcgruro01,Miami Heat,25.2,2.4,5.9,.413,0.9,2.8,.332,1.5,3.1,.488,.492,0.6,0.9,.620,1.2,2.1,3.3,1.6,0.6,0.2,0.7,1.8,6.4
Wayne Ellington\ellinwa01,Miami Heat,24.2,3.7,9.0,.416,2.4,6.4,.378,1.3,2.6,.509,.550,0.6,0.7,.860,0.3,1.8,2.1,1.1,0.6,0.1,0.5,1.1,10.5
Josh McRoberts\mcrobjo01,Miami Heat,17.3,2.0,5.4,.373,0.6,1.4,.419,1.4,4.0,.356,.428,0.3,0.4,.667,1.0,2.3,3.4,2.3,0.5,0.2,1.0,1.4,4.9
Luke Babbitt\babbilu01,Miami Heat,15.7,1.7,4.1,.402,1.3,3.1,.414,0.4,1.0,.366,.557,0.2,0.2,.733,0.2,1.9,2.1,0.5,0.3,0.2,0.4,1.7,4.8
Derrick Williams\willide02,Miami Heat,15.1,2.2,5.5,.394,0.4,1.8,.200,1.8,3.7,.489,.427,1.2,2.0,.620,0.6,2.3,2.9,0.6,0.4,0.2,0.6,1.3,5.9
Willie Reed\reedwi02,Miami Heat,14.5,2.3,4.0,.568,0.0,0.1,.250,2.3,4.0,.573,.570,0.7,1.2,.557,1.8,2.9,4.7,0.4,0.3,0.7,0.4,1.9,5.3
Okaro White\whiteok01,Miami Heat,13.5,0.9,2.5,.379,0.3,1.0,.353,0.6,1.5,.396,.448,0.6,0.6,.909,0.7,1.6,2.3,0.6,0.3,0.3,0.5,1.5,2.8
Udonis Haslem\hasleud01,Miami Heat,8.1,0.7,1.4,.478,0.0,0.2,.000,0.7,1.3,.550,.478,0.6,0.9,.600,0.5,1.8,2.3,0.4,0.4,0.1,0.5,1.4,1.9
Devin Booker\bookede01,Phoenix Suns,35.0,7.8,18.3,.423,1.9,5.2,.363,5.9,13.2,.447,.475,4.7,5.7,.832,0.6,2.6,3.2,3.4,0.9,0.3,3.1,3.1,22.1
Eric Bledsoe\bledser01,Phoenix Suns,33.0,6.8,15.7,.434,1.6,4.7,.335,5.2,11.0,.477,.485,5.9,6.9,.847,0.8,4.1,4.8,6.3,1.4,0.5,3.4,2.5,21.1
T.J. Warren\warretj01,Phoenix Suns,31.0,6.1,12.3,.495,0.4,1.5,.265,5.7,10.8,.527,.511,1.8,2.3,.773,1.9,3.2,5.1,1.1,1.2,0.6,0.9,2.7,14.4
P.J. Tucker\tuckepj01,Phoenix Suns,28.5,2.6,6.2,.415,0.8,2.4,.338,1.8,3.8,.463,.480,1.1,1.4,.792,1.6,4.4,6.0,1.3,1.5,0.2,0.9,2.5,7.0
Tyson Chandler\chandty01,Phoenix Suns,27.6,3.3,4.9,.671,0.0,0.0,0,3.3,4.9,.671,.671,1.9,2.6,.734,3.3,8.2,11.5,0.6,0.7,0.5,1.4,2.7,8.4
Marquese Chriss\chrisma01,Phoenix Suns,21.3,3.5,7.7,.449,0.9,2.7,.321,2.6,5.0,.520,.506,1.4,2.2,.624,1.2,3.1,4.2,0.7,0.8,0.9,1.3,3.2,9.2
Jared Dudley\dudleja01,Phoenix Suns,21.3,2.5,5.4,.454,1.2,3.2,.379,1.3,2.2,.559,.565,0.7,1.0,.662,0.5,3.0,3.5,1.9,0.7,0.3,1.1,2.4,6.8
Brandon Knight\knighbr03,Phoenix Suns,21.1,3.9,9.7,.398,0.8,2.6,.324,3.0,7.1,.425,.441,2.4,2.9,.857,0.5,1.7,2.2,2.4,0.5,0.1,1.6,1.6,11.0
Alex Len\lenal01,Phoenix Suns,20.3,3.0,6.0,.497,0.0,0.2,.250,2.9,5.9,.503,.500,1.9,2.7,.721,2.0,4.6,6.6,0.6,0.5,1.3,1.3,3.1,8.0
Tyler Ulis\ulisty01,Phoenix Suns,18.4,3.0,7.2,.421,0.3,1.3,.266,2.7,5.9,.455,.445,0.9,1.2,.775,0.3,1.2,1.6,3.7,0.8,0.1,1.3,1.2,7.3
Derrick Jones\jonesde02,Phoenix Suns,17.0,2.1,3.8,.562,0.1,0.3,.273,2.0,3.4,.591,.574,0.9,1.3,.707,1.2,1.3,2.5,0.4,0.4,0.4,0.4,2.0,5.3
Alan Williams\willial03,Phoenix Suns,15.1,2.9,5.7,.517,0.0,0.0,.000,2.9,5.7,.519,.517,1.5,2.4,.625,2.0,4.2,6.2,0.5,0.6,0.7,0.8,2.7,7.4
Leandro Barbosa\barbole01,Phoenix Suns,14.4,2.6,5.9,.439,0.5,1.5,.357,2.0,4.4,.466,.483,0.6,0.7,.889,0.2,1.3,1.6,1.2,0.5,0.1,0.7,1.2,6.3
Dragan Bender\bendedr01,Phoenix Suns,13.3,1.3,3.7,.354,0.7,2.3,.277,0.7,1.4,.483,.441,0.1,0.3,.364,0.5,1.9,2.4,0.5,0.2,0.5,0.7,1.7,3.4
Jarell Eddie\eddieja01,Phoenix Suns,12.4,1.2,3.8,.316,0.8,3.2,.250,0.4,0.6,.667,.421,1.6,1.8,.889,0.2,1.2,1.4,0.0,0.2,0.0,0.2,0.2,4.8
Elijah Millsap\millsel01,Phoenix Suns,11.5,0.5,3.5,.143,0.0,1.0,.000,0.5,2.5,.200,.143,0.5,1.0,.500,1.5,1.5,3.0,0.5,0.0,0.0,1.0,1.0,1.5
Ronnie Price\pricero01,Phoenix Suns,9.6,0.3,1.7,.167,0.2,1.2,.176,0.1,0.5,.143,.229,0.2,0.3,.750,0.2,0.6,0.8,1.3,0.8,0.1,0.2,1.0,1.0
John Jenkins\jenkijo01,Phoenix Suns,3.3,0.5,1.3,.400,0.3,0.5,.500,0.3,0.8,.333,.500,0.5,0.5,1000,0.0,0.3,0.3,0.3,0.0,0.0,0.0,0.0,1.8
Kemba Walker\walkeke02,Charlotte Hornets,34.7,8.1,18.3,.444,3.0,7.6,.399,5.1,10.7,.476,.527,3.8,4.5,.847,0.6,3.3,3.9,5.5,1.1,0.3,2.1,1.5,23.2
Nicolas Batum\batumni01,Charlotte Hornets,34.0,5.1,12.7,.403,1.8,5.3,.333,3.4,7.4,.453,.472,3.2,3.7,.856,0.6,5.6,6.2,5.9,1.1,0.4,2.5,1.4,15.1
Marvin Williams\willima02,Charlotte Hornets,30.2,3.9,9.3,.422,1.6,4.7,.350,2.3,4.6,.494,.510,1.7,2.0,.873,1.2,5.4,6.6,1.4,0.8,0.7,0.8,1.8,11.2
Michael Kidd-Gilchrist\kiddgmi01,Charlotte Hornets,29.0,3.6,7.6,.477,0.0,0.1,.111,3.6,7.5,.483,.478,1.9,2.4,.784,1.9,5.0,7.0,1.4,1.0,1.0,0.7,2.3,9.2
Cody Zeller\zelleco01,Charlotte Hornets,27.8,4.1,7.1,.571,0.0,0.0,.000,4.1,7.1,.572,.571,2.1,3.2,.679,2.2,4.4,6.5,1.6,1.0,0.9,1.0,3.0,10.3
Frank Kaminsky\kaminfr01,Charlotte Hornets,26.1,4.3,10.7,.399,1.5,4.7,.328,2.7,6.0,.455,.471,1.6,2.1,.756,0.8,3.7,4.5,2.2,0.6,0.5,1.0,1.9,11.7
Marco Belinelli\belinma01,Charlotte Hornets,24.0,3.6,8.3,.429,1.4,3.8,.360,2.2,4.5,.488,.512,2.0,2.3,.893,0.2,2.2,2.4,2.0,0.6,0.1,0.9,1.2,10.5
Jeremy Lamb\lambje01,Charlotte Hornets,18.4,3.6,7.9,.460,0.7,2.4,.281,3.0,5.6,.536,.502,1.8,2.1,.853,0.5,3.8,4.3,1.2,0.4,0.4,0.6,1.6,9.7
Spencer Hawes\hawessp01,Charlotte Hornets,17.9,3.0,6.2,.477,0.5,1.6,.291,2.5,4.7,.540,.514,0.9,1.0,.882,0.9,3.3,4.2,1.8,0.4,0.7,1.1,1.7,7.3
Ramon Sessions\sessira01,Charlotte Hornets,16.2,2.0,5.3,.380,0.4,1.2,.339,1.6,4.0,.393,.420,1.8,2.4,.771,0.2,1.2,1.5,2.6,0.5,0.1,0.9,0.9,6.2
Roy Hibbert\hibbero01,Charlotte Hornets,16.0,1.9,3.4,.542,0.0,0.0,0,1.9,3.4,.542,.542,1.5,1.8,.813,1.3,2.3,3.6,0.5,0.2,1.0,0.7,2.3,5.2
Miles Plumlee\plumlmi01,Charlotte Hornets,13.4,1.1,1.8,.583,0.0,0.0,0,1.1,1.8,.583,.583,0.2,0.3,.750,1.2,2.1,3.2,0.2,0.5,0.3,0.6,1.9,2.4
Mike Tobey\tobeymi01,Charlotte Hornets,12.5,0.5,2.0,.250,0.0,0.0,0,0.5,2.0,.250,.250,0.0,0.0,0,1.0,0.5,1.5,0.5,0.0,0.0,0.5,1.0,1.0
Briante Weber\weberbr01,Charlotte Hornets,12.2,1.5,3.5,.435,0.1,0.5,.143,1.5,3.0,.487,.446,0.7,1.0,.692,0.6,1.1,1.7,1.2,0.7,0.0,0.4,0.9,3.8
Brian Roberts\roberbr01,Charlotte Hornets,10.1,1.1,3.0,.377,0.4,1.1,.386,0.7,1.9,.372,.447,0.8,1.0,.846,0.1,0.8,1.0,1.3,0.2,0.0,0.6,0.4,3.5
Johnny O'Bryant\obryajo01,Charlotte Hornets,8.5,2.0,3.8,.533,0.3,0.8,.333,1.8,3.0,.583,.567,0.3,0.5,.500,1.0,1.0,2.0,1.0,0.0,0.0,0.8,1.5,4.5
Christian Wood\woodch01,Charlotte Hornets,8.2,0.9,1.8,.522,0.0,0.4,.000,0.9,1.4,.667,.522,0.8,1.2,.733,1.1,1.2,2.2,0.2,0.2,0.5,0.5,0.8,2.7
Treveon Graham\grahatr01,Charlotte Hornets,7.0,0.7,1.5,.475,0.3,0.6,.600,0.4,0.9,.400,.588,0.4,0.6,.667,0.2,0.6,0.8,0.2,0.2,0.0,0.1,0.7,2.1
Aaron Harrison\harriaa01,Charlotte Hornets,3.4,0.0,0.8,.000,0.0,0.4,.000,0.0,0.4,.000,.000,0.2,0.4,.500,0.0,0.6,0.6,0.6,0.0,0.0,0.0,0.4,0.2
Kentavious Caldwell-Pope\caldwke01,Detroit Pistons,33.3,4.9,12.2,.399,2.0,5.8,.350,2.9,6.5,.442,.481,2.0,2.4,.832,0.7,2.5,3.3,2.5,1.2,0.2,1.1,1.6,13.8
Marcus Morris\morrima03,Detroit Pistons,32.5,5.3,12.7,.418,1.5,4.5,.331,3.8,8.2,.466,.477,1.8,2.3,.784,1.0,3.7,4.6,2.0,0.7,0.3,1.1,2.1,14.0
Tobias Harris\harrito02,Detroit Pistons,31.3,6.2,13.0,.481,1.3,3.8,.347,4.9,9.1,.537,.532,2.3,2.8,.841,0.8,4.3,5.1,1.7,0.7,0.5,1.2,1.6,16.1
Andre Drummond\drumman01,Detroit Pistons,29.7,6.0,11.2,.530,0.0,0.1,.286,5.9,11.2,.532,.531,1.7,4.4,.386,4.3,9.5,13.8,1.1,1.5,1.1,1.9,2.9,13.6
Reggie Jackson\jacksre01,Detroit Pistons,27.4,5.5,13.0,.419,1.3,3.5,.359,4.2,9.5,.442,.468,2.3,2.6,.868,0.4,1.8,2.2,5.2,0.7,0.1,2.2,2.5,14.5
Jon Leuer\leuerjo01,Detroit Pistons,25.9,4.1,8.6,.480,0.7,2.2,.293,3.5,6.4,.545,.518,1.3,1.5,.867,1.4,4.0,5.4,1.5,0.4,0.3,0.9,1.9,10.2
Ish Smith\smithis01,Detroit Pistons,24.1,4.1,9.2,.439,0.3,1.3,.267,3.7,8.0,.467,.458,0.9,1.3,.706,0.3,2.6,2.9,5.2,0.8,0.4,1.4,1.6,9.4
Stanley Johnson\johnsst04,Detroit Pistons,17.8,1.7,4.7,.353,0.6,2.0,.292,1.1,2.7,.398,.415,0.5,0.7,.679,0.5,2.0,2.5,1.4,0.7,0.3,0.9,1.6,4.4
Aron Baynes\baynear01,Detroit Pistons,15.5,1.9,3.7,.513,0.0,0.0,0,1.9,3.7,.513,.513,1.1,1.3,.840,1.5,3.0,4.4,0.4,0.2,0.5,0.7,2.2,4.9
Reggie Bullock\bullore01,Detroit Pistons,15.1,1.7,4.1,.422,0.9,2.4,.384,0.8,1.8,.473,.531,0.2,0.2,.714,0.4,1.6,2.1,0.9,0.6,0.1,0.3,0.7,4.5
Beno Udrih\udrihbe01,Detroit Pistons,14.4,2.4,5.1,.467,0.3,0.8,.344,2.1,4.2,.491,.495,0.8,0.9,.941,0.2,1.3,1.5,3.4,0.3,0.0,0.9,0.7,5.8
Darrun Hilliard\hillida01,Detroit Pistons,9.8,1.2,3.2,.373,0.3,1.2,.261,0.9,2.1,.438,.421,0.5,0.7,.750,0.1,0.8,0.8,0.8,0.3,0.1,0.7,1.0,3.3
Boban Marjanovic\marjabo01,Detroit Pistons,8.4,2.1,3.8,.545,0.0,0.0,0,2.1,3.8,.545,.545,1.3,1.7,.810,1.3,2.4,3.7,0.3,0.2,0.3,0.3,0.7,5.5
Henry Ellenson\ellenhe01,Detroit Pistons,7.7,1.2,3.4,.359,0.5,1.8,.286,0.7,1.5,.448,.438,0.2,0.4,.500,0.4,1.7,2.2,0.4,0.1,0.1,0.7,0.3,3.2
Michael Gbinije\gbinimi01,Detroit Pistons,3.6,0.1,1.1,.100,0.0,0.4,.000,0.1,0.7,.167,.100,0.2,0.2,1000,0.2,0.1,0.3,0.2,0.0,0.0,0.0,0.2,0.4
Paul Millsap\millspa01,Atlanta Hawks,34.0,6.2,14.1,.442,1.1,3.5,.311,5.1,10.6,.486,.481,4.5,5.9,.768,1.6,6.1,7.7,3.7,1.3,0.9,2.3,2.7,18.1
Dennis Schroder\schrode01,Atlanta Hawks,31.5,6.9,15.4,.451,1.3,3.7,.340,5.7,11.6,.487,.493,2.8,3.2,.855,0.5,2.6,3.1,6.3,0.9,0.2,3.3,1.9,17.9
Dwight Howard\howardw01,Atlanta Hawks,29.7,5.2,8.3,.633,0.0,0.0,.000,5.2,8.3,.635,.633,3.1,5.7,.533,4.0,8.7,12.7,1.4,0.9,1.2,2.3,2.7,13.5
Kyle Korver\korveky01,Atlanta Hawks,27.9,3.4,7.7,.439,2.0,5.0,.409,1.3,2.7,.494,.571,0.8,0.8,.889,0.0,2.8,2.8,2.3,0.7,0.4,1.3,1.5,9.5
Tim Hardaway\hardati02,Atlanta Hawks,27.3,5.3,11.5,.455,1.9,5.3,.357,3.4,6.3,.537,.537,2.1,2.7,.766,0.4,2.4,2.8,2.3,0.7,0.2,1.3,1.3,14.5
Kent Bazemore\bazemke01,Atlanta Hawks,26.9,4.0,9.9,.409,1.3,3.6,.346,2.8,6.2,.446,.473,1.6,2.3,.708,0.6,2.5,3.2,2.4,1.2,0.7,1.7,2.3,11.0
Thabo Sefolosha\sefolth01,Atlanta Hawks,25.7,2.8,6.4,.441,0.7,1.9,.342,2.1,4.4,.484,.492,0.9,1.2,.733,0.9,3.5,4.4,1.7,1.5,0.5,0.9,1.6,7.2
Ersan Ilyasova\ilyaser01,Atlanta Hawks,24.3,3.6,8.7,.412,1.2,3.5,.348,2.3,5.2,.455,.482,2.0,2.5,.800,1.6,4.2,5.8,1.7,0.8,0.3,1.3,2.8,10.4
Mike Muscala\muscami01,Atlanta Hawks,17.7,2.4,4.8,.504,0.7,1.6,.418,1.8,3.2,.546,.573,0.7,0.9,.766,1.1,2.3,3.4,1.4,0.4,0.6,0.8,1.4,6.2
Malcolm Delaney\delanma01,Atlanta Hawks,17.1,2.0,5.3,.374,0.4,1.5,.236,1.6,3.8,.428,.407,1.0,1.3,.806,0.1,1.5,1.7,2.6,0.5,0.0,1.3,1.5,5.4
Taurean Waller-Prince\princta02,Atlanta Hawks,16.6,1.9,4.8,.400,0.6,1.7,.324,1.4,3.1,.443,.458,1.3,1.6,.787,0.4,2.2,2.7,0.9,0.7,0.5,1.0,1.6,5.7
Mike Dunleavy\dunlemi02,Atlanta Hawks,15.8,1.9,4.3,.438,1.1,2.6,.429,0.8,1.8,.453,.565,0.7,0.9,.846,0.4,1.8,2.3,1.0,0.3,0.2,0.5,1.2,5.6
Jose Calderon\caldejo01,Atlanta Hawks,14.5,1.4,3.4,.404,0.5,1.8,.267,0.9,1.6,.556,.474,0.4,0.5,.875,0.4,1.5,1.9,2.2,0.2,0.0,0.9,0.8,3.6
Kris Humphries\humphkr01,Atlanta Hawks,12.3,1.6,3.8,.407,0.3,1.0,.352,1.2,2.9,.425,.451,1.1,1.5,.780,1.1,2.6,3.7,0.5,0.3,0.4,0.5,1.2,4.6
Mike Scott\scottmi01,Atlanta Hawks,10.8,0.9,3.3,.288,0.2,1.5,.148,0.7,1.8,.406,.322,0.4,0.4,.875,0.6,1.5,2.1,0.9,0.2,0.2,0.4,0.7,2.5
DeAndre' Bembry\bembrde01,Atlanta Hawks,9.8,1.2,2.6,.480,0.0,0.5,.056,1.2,2.1,.575,.485,0.2,0.4,.375,0.4,1.2,1.6,0.7,0.2,0.1,0.4,0.6,2.7
Gary Neal\nealga01,Atlanta Hawks,9.0,0.0,3.5,.000,0.0,1.0,.000,0.0,2.5,.000,.000,2.0,2.0,1000,0.0,0.5,0.5,0.5,0.0,0.0,0.0,0.5,2.0
Lamar Patterson\pattela01,Atlanta Hawks,8.0,0.6,3.0,.200,0.2,1.2,.167,0.4,1.8,.222,.233,0.4,0.6,.667,0.2,1.2,1.4,1.2,0.2,0.0,0.8,1.2,1.8
Ryan Kelly\kellyry01,Atlanta Hawks,6.9,0.5,1.8,.286,0.3,0.6,.400,0.3,1.1,.222,.357,0.3,0.4,.833,0.1,1.1,1.1,0.5,0.3,0.3,0.3,0.3,1.6
Edy Tavares\tavarwa01,Atlanta Hawks,4.0,1.0,1.0,1000,0.0,0.0,0,1.0,1.0,1000,1000,0.0,2.0,.000,0.0,1.0,1.0,0.0,0.0,0.0,0.0,0.0,2.0
John Wall\walljo01,Washington Wizards,36.4,8.3,18.4,.451,1.1,3.5,.327,7.2,14.9,.480,.482,5.4,6.8,.801,0.8,3.4,4.2,10.7,2.0,0.6,4.1,1.9,23.1
Bradley Beal\bealbr01,Washington Wizards,34.9,8.3,17.2,.482,2.9,7.2,.404,5.4,10.0,.538,.566,3.7,4.4,.825,0.7,2.4,3.1,3.5,1.1,0.3,2.0,2.2,23.1
Otto Porter\porteot01,Washington Wizards,32.6,5.2,10.0,.516,1.9,4.3,.434,3.3,5.8,.576,.608,1.2,1.5,.832,1.5,5.0,6.4,1.5,1.5,0.5,0.6,2.4,13.4
Markieff Morris\morrima02,Washington Wizards,31.2,5.3,11.7,.457,0.9,2.6,.362,4.4,9.1,.483,.497,2.4,2.8,.837,1.4,5.1,6.5,1.7,1.1,0.6,1.7,3.3,14.0
Marcin Gortat\gortama01,Washington Wizards,31.2,4.8,8.2,.579,0.0,0.0,.000,4.8,8.2,.580,.579,1.3,1.9,.648,2.9,7.5,10.4,1.5,0.5,0.7,1.5,2.6,10.8
Bojan Bogdanovic\bogdabo02,Washington Wizards,23.1,4.1,9.0,.457,1.7,4.4,.391,2.4,4.6,.521,.553,2.7,2.9,.934,0.5,2.5,3.1,0.8,0.4,0.2,1.5,1.8,12.7
Kelly Oubre\oubreke01,Washington Wizards,20.3,2.4,5.6,.421,0.7,2.4,.287,1.7,3.2,.520,.482,0.9,1.3,.758,0.8,2.5,3.3,0.6,0.7,0.2,0.6,2.5,6.3
Ian Mahinmi\mahinia01,Washington Wizards,17.9,2.1,3.6,.586,0.0,0.0,0,2.1,3.6,.586,.586,1.4,2.4,.573,1.5,3.3,4.8,0.6,1.1,0.8,1.1,2.9,5.6
Marcus Thornton\thornma01,Washington Wizards,17.4,2.5,6.4,.400,0.8,2.4,.350,1.7,3.9,.431,.467,0.7,0.8,.852,0.7,1.6,2.3,1.2,0.6,0.1,0.8,1.5,6.6
Brandon Jennings\jennibr01,Washington Wizards,16.3,1.3,4.6,.274,0.5,2.3,.212,0.8,2.3,.333,.325,0.5,0.7,.706,0.3,1.6,1.9,4.7,0.7,0.0,1.0,1.4,3.5
Jason Smith\smithja02,Washington Wizards,14.4,2.4,4.4,.529,0.5,1.1,.474,1.9,3.4,.546,.585,0.5,0.7,.686,0.9,2.6,3.5,0.5,0.3,0.7,0.8,2.3,5.7
Tomas Satoransky\satorto01,Washington Wizards,12.6,1.1,2.6,.415,0.2,0.6,.243,0.9,1.9,.473,.446,0.4,0.6,.697,0.4,1.0,1.5,1.6,0.5,0.1,0.7,1.1,2.7
Trey Burke\burketr01,Washington Wizards,12.3,2.0,4.5,.455,0.5,1.2,.443,1.5,3.2,.459,.516,0.4,0.5,.759,0.1,0.7,0.8,1.8,0.2,0.1,0.8,0.9,5.0
Sheldon McClellan\mcclesh01,Washington Wizards,9.6,1.0,2.5,.400,0.2,1.0,.233,0.8,1.5,.511,.447,0.8,0.9,.852,0.1,1.0,1.1,0.5,0.3,0.1,0.2,0.6,3.0
Andrew Nicholson\nichoan01,Washington Wizards,8.3,1.1,2.8,.390,0.1,0.6,.188,1.0,2.2,.443,.409,0.3,0.4,.583,0.4,0.8,1.2,0.3,0.4,0.2,0.4,1.3,2.5
Chris McCullough\mcculch01,Washington Wizards,4.0,0.0,0.5,.000,0.0,0.5,.000,0.0,0.0,0,.000,0.5,1.0,.500,0.0,1.0,1.0,0.0,0.5,0.0,0.5,0.0,0.5
Daniel Ochefu\ochefda01,Washington Wizards,3.9,0.6,1.4,.444,0.0,0.0,0,0.6,1.4,.444,.444,0.0,0.1,.000,0.3,0.9,1.2,0.2,0.1,0.0,0.2,0.9,1.3
Danuel House\houseda01,Washington Wizards,1.0,0.0,0.0,0,0.0,0.0,0,0.0,0.0,0,0,0.0,0.0,0,0.0,1.0,1.0,0.0,0.0,0.0,0.0,0.0,0.0
Brook Lopez\lopezbr01,Brooklyn Nets,29.6,7.4,15.6,.474,1.8,5.2,.346,5.6,10.5,.536,.531,3.9,4.9,.810,1.6,3.8,5.4,2.3,0.5,1.7,2.5,2.6,20.5
Bojan Bogdanovic\bogdabo02,Brooklyn Nets,26.9,4.9,11.1,.440,1.8,5.0,.357,3.1,6.1,.509,.521,2.7,3.0,.874,0.4,3.2,3.6,1.6,0.4,0.1,1.7,1.8,14.2
Sean Kilpatrick\kilpase01,Brooklyn Nets,25.1,4.4,10.5,.415,1.5,4.4,.341,2.9,6.1,.468,.486,2.9,3.5,.843,0.3,3.7,4.0,2.2,0.6,0.1,1.9,1.7,13.1
Trevor Booker\booketr01,Brooklyn Nets,24.7,4.3,8.3,.516,0.4,1.1,.321,3.9,7.2,.546,.537,1.0,1.5,.673,2.0,6.0,8.0,1.9,1.1,0.4,1.8,2.1,10.0
Jeremy Lin\linje01,Brooklyn Nets,24.5,4.9,11.1,.438,1.6,4.3,.372,3.3,6.8,.480,.510,3.2,3.9,.816,0.3,3.4,3.8,5.1,1.2,0.4,2.4,2.2,14.5
Rondae Hollis-Jefferson\holliro01,Brooklyn Nets,22.6,3.0,6.9,.434,0.2,0.9,.224,2.8,6.1,.463,.447,2.4,3.2,.751,1.2,4.6,5.8,2.0,1.1,0.6,1.5,2.3,8.7
Spencer Dinwiddie\dinwisp01,Brooklyn Nets,22.6,2.3,5.1,.444,0.6,1.7,.376,1.6,3.4,.478,.507,2.1,2.7,.792,0.5,2.3,2.8,3.1,0.7,0.4,1.1,2.0,7.3
Isaiah Whitehead\whiteis01,Brooklyn Nets,22.5,2.8,7.0,.402,0.6,2.0,.295,2.2,4.9,.446,.445,1.2,1.5,.805,0.4,2.1,2.5,2.6,0.6,0.5,1.9,2.4,7.4
Joe Harris\harrijo01,Brooklyn Nets,21.9,3.0,7.0,.425,1.6,4.3,.385,1.3,2.7,.489,.543,0.7,0.9,.714,0.3,2.5,2.8,1.0,0.6,0.2,1.1,2.3,8.2
Caris LeVert\leverca01,Brooklyn Nets,21.7,3.0,6.7,.450,1.0,3.2,.321,2.0,3.4,.571,.528,1.2,1.6,.720,0.4,2.9,3.3,1.9,0.9,0.1,1.0,1.6,8.2
Randy Foye\foyera01,Brooklyn Nets,18.6,1.7,4.7,.363,1.0,2.9,.330,0.7,1.8,.418,.466,0.8,0.9,.857,0.1,2.1,2.2,2.0,0.5,0.1,1.2,1.4,5.2
Justin Hamilton\hamilju01,Brooklyn Nets,18.4,2.7,5.9,.459,0.9,2.8,.306,1.9,3.1,.598,.532,0.6,0.8,.750,1.1,3.0,4.1,0.9,0.5,0.7,0.7,1.4,6.9
Quincy Acy\acyqu01,Brooklyn Nets,15.9,2.0,4.8,.425,1.1,2.6,.434,0.9,2.2,.414,.542,1.3,1.8,.754,0.6,2.8,3.3,0.6,0.4,0.5,0.6,1.8,6.5
Archie Goodwin\goodwar01,Brooklyn Nets,15.3,2.8,5.1,.557,0.3,1.1,.308,2.5,4.0,.625,.590,1.9,2.7,.719,0.6,1.8,2.3,1.9,0.3,0.3,1.2,0.6,7.9
Yogi Ferrell\ferreyo01,Brooklyn Nets,15.1,1.8,4.9,.367,0.8,2.7,.296,1.0,2.2,.455,.449,1.0,1.6,.625,0.4,0.8,1.2,1.7,0.2,0.2,1.4,1.1,5.4
K.J. McDaniels\mcdankj01,Brooklyn Nets,14.7,2.3,5.1,.455,0.6,2.0,.282,1.8,3.1,.565,.510,1.2,1.4,.821,0.5,2.2,2.6,0.5,0.6,0.5,1.0,1.3,6.3
Greivis Vasquez\vasqugr01,Brooklyn Nets,13.0,0.7,2.7,.250,0.3,1.0,.333,0.3,1.7,.200,.313,0.7,1.0,.667,0.0,0.7,0.7,1.7,0.3,0.3,0.3,2.0,2.3
Luis Scola\scolalu01,Brooklyn Nets,12.8,2.0,4.2,.470,0.5,1.4,.340,1.5,2.8,.535,.526,0.7,1.0,.676,1.4,2.4,3.9,1.0,0.4,0.1,0.9,1.8,5.1
Anthony Bennett\bennean01,Brooklyn Nets,11.5,1.7,4.0,.413,0.6,2.1,.271,1.1,1.9,.568,.484,1.1,1.6,.722,1.1,2.3,3.4,0.5,0.2,0.1,0.5,0.8,5.0
Andrew Nicholson\nichoan01,Brooklyn Nets,11.1,1.3,3.4,.382,0.2,1.1,.182,1.1,2.3,.478,.412,0.2,0.2,1000,0.4,2.3,2.7,0.3,0.5,0.0,0.6,1.8,3.0
Chris McCullough\mcculch01,Brooklyn Nets,5.1,1.1,2.2,.516,0.1,0.4,.167,1.1,1.8,.600,.532,0.1,0.2,.667,0.6,0.6,1.2,0.1,0.1,0.1,0.1,0.5,2.5
Jordan Clarkson\clarkjo01,Los Angeles Lakers,29.2,5.8,13.1,.445,1.4,4.3,.329,4.4,8.7,.503,.500,1.6,2.0,.798,0.6,2.4,3.0,2.6,1.1,0.1,2.0,1.8,14.7
Julius Randle\randlju01,Los Angeles Lakers,28.8,5.1,10.4,.488,0.2,0.9,.270,4.9,9.6,.507,.499,2.8,3.8,.723,2.0,6.6,8.6,3.6,0.7,0.5,2.3,3.4,13.2
Brandon Ingram\ingrabr01,Los Angeles Lakers,28.8,3.5,8.7,.402,0.7,2.4,.294,2.8,6.3,.443,.442,1.7,2.7,.621,0.8,3.2,4.0,2.1,0.6,0.5,1.5,2.0,9.4
D'Angelo Russell\russeda01,Los Angeles Lakers,28.7,5.6,13.8,.405,2.1,6.1,.352,3.4,7.7,.447,.483,2.3,3.0,.782,0.5,3.0,3.5,4.8,1.4,0.3,2.8,2.1,15.6
Luol Deng\denglu01,Los Angeles Lakers,26.5,2.9,7.6,.387,0.9,2.9,.309,2.0,4.6,.436,.447,0.8,1.1,.730,1.1,4.1,5.3,1.3,0.9,0.4,0.8,1.1,7.6
Nick Young\youngni01,Los Angeles Lakers,25.9,4.5,10.6,.430,2.8,7.0,.404,1.7,3.5,.481,.564,1.3,1.5,.856,0.4,1.9,2.3,1.0,0.6,0.2,0.6,2.3,13.2
Lou Williams\willilo02,Los Angeles Lakers,24.2,5.6,12.7,.444,2.1,5.5,.385,3.5,7.2,.489,.527,5.2,5.9,.884,0.2,2.0,2.3,3.2,1.1,0.2,2.1,1.2,18.6
Larry Nance Jr.\nancela02,Los Angeles Lakers,22.9,3.0,5.7,.526,0.2,0.6,.278,2.9,5.2,.554,.540,0.9,1.3,.738,1.9,4.0,5.9,1.5,1.3,0.6,0.9,2.4,7.1
Timofey Mozgov\mozgoti01,Los Angeles Lakers,20.4,3.1,6.1,.515,0.0,0.0,.000,3.1,6.1,.517,.515,1.2,1.4,.808,1.9,3.0,4.9,0.8,0.3,0.6,1.3,2.5,7.4
David Nwaba\nwabada01,Los Angeles Lakers,19.9,2.4,4.1,.580,0.1,0.3,.200,2.3,3.8,.605,.586,1.3,2.0,.641,0.9,2.3,3.2,0.7,0.7,0.4,0.6,1.8,6.0
Tyler Ennis\ennisty01,Los Angeles Lakers,17.8,3.0,6.5,.451,1.0,2.5,.389,2.0,4.1,.489,.524,0.9,1.0,.864,0.2,1.0,1.2,2.4,0.9,0.1,1.0,1.3,7.7
Tarik Black\blackta01,Los Angeles Lakers,16.3,2.2,4.4,.510,0.0,0.0,.500,2.2,4.4,.510,.512,1.2,1.6,.752,2.1,3.0,5.1,0.6,0.4,0.7,0.9,2.6,5.7
Ivica Zubac\zubaciv01,Los Angeles Lakers,16.0,3.3,6.3,.529,0.0,0.1,.000,3.3,6.2,.536,.529,0.8,1.3,.653,1.1,3.1,4.2,0.8,0.4,0.9,0.8,1.7,7.5
Corey Brewer\breweco01,Los Angeles Lakers,14.9,2.2,5.0,.438,0.2,1.0,.208,2.0,4.0,.495,.459,0.8,1.0,.750,0.5,1.7,2.2,1.5,1.0,0.3,0.8,1.2,5.4
Jose Calderon\caldejo01,Los Angeles Lakers,12.2,1.3,3.2,.416,0.5,1.4,.353,0.8,1.8,.465,.494,0.2,0.2,1000,0.3,1.4,1.8,2.1,0.3,0.0,1.1,0.9,3.3
Thomas Robinson\robinth01,Los Angeles Lakers,11.7,2.2,4.1,.536,0.0,0.0,.000,2.2,4.1,.538,.536,0.6,1.4,.470,1.8,2.9,4.6,0.6,0.5,0.2,1.0,1.6,5.0
Marcelo Huertas\huertma01,Los Angeles Lakers,10.3,1.1,3.0,.368,0.2,0.8,.211,0.9,2.1,.429,.397,0.4,0.7,.529,0.1,1.0,1.0,2.3,0.4,0.1,0.8,0.7,2.7
Metta World Peace\artesro01,Los Angeles Lakers,6.4,0.8,2.7,.279,0.4,1.5,.237,0.4,1.2,.333,.346,0.4,0.6,.625,0.2,0.6,0.8,0.4,0.4,0.1,0.3,0.7,2.3
Gordon Hayward\haywago01,Utah Jazz,34.5,7.5,15.8,.471,2.0,5.1,.398,5.4,10.7,.506,.536,5.0,5.9,.844,0.7,4.7,5.4,3.5,1.0,0.3,1.9,1.6,21.9
Rudy Gobert\goberru01,Utah Jazz,33.9,5.1,7.7,.661,0.0,0.0,.000,5.1,7.7,.662,.661,3.8,5.9,.653,3.9,8.9,12.8,1.2,0.6,2.6,1.8,3.0,14.0
George Hill\hillge01,Utah Jazz,31.5,5.9,12.4,.477,1.9,4.8,.403,4.0,7.6,.523,.554,3.2,4.0,.801,0.5,2.9,3.4,4.2,1.0,0.2,1.7,2.3,16.9
Rodney Hood\hoodro01,Utah Jazz,27.0,4.6,11.3,.408,1.9,5.2,.371,2.7,6.1,.440,.494,1.5,1.9,.783,0.3,3.2,3.4,1.6,0.6,0.2,1.1,2.2,12.7
Joe Ingles\inglejo01,Utah Jazz,24.0,2.5,5.5,.452,1.5,3.4,.441,1.0,2.1,.471,.589,0.6,0.8,.735,0.3,2.9,3.2,2.7,1.2,0.1,1.3,2.0,7.1
Derrick Favors\favorde01,Utah Jazz,23.7,4.1,8.3,.487,0.1,0.2,.300,4.0,8.1,.491,.490,1.3,2.2,.615,1.8,4.3,6.1,1.1,0.9,0.8,1.2,2.1,9.5
Joe Johnson\johnsjo02,Utah Jazz,23.6,3.5,8.0,.436,1.4,3.3,.411,2.1,4.7,.454,.521,0.8,1.0,.818,0.4,2.7,3.1,1.8,0.5,0.2,0.9,1.2,9.2
Shelvin Mack\macksh01,Utah Jazz,21.9,3.1,6.9,.446,0.7,2.2,.308,2.4,4.7,.510,.495,1.0,1.4,.688,0.4,1.9,2.3,2.8,0.8,0.1,1.6,1.8,7.8
Dante Exum\exumda01,Utah Jazz,18.6,2.3,5.5,.427,0.7,2.3,.295,1.7,3.2,.519,.488,0.9,1.1,.795,0.5,1.5,2.0,1.7,0.3,0.2,1.2,2.2,6.2
Boris Diaw\diawbo01,Utah Jazz,17.6,2.0,4.5,.446,0.3,1.1,.247,1.7,3.4,.512,.477,0.4,0.5,.743,0.6,1.5,2.2,2.3,0.2,0.1,1.2,1.1,4.6
Trey Lyles\lylestr01,Utah Jazz,16.3,2.2,6.2,.362,0.9,2.9,.319,1.3,3.3,.400,.436,0.8,1.1,.722,0.7,2.6,3.3,1.0,0.4,0.3,0.9,1.4,6.2
Alec Burks\burksal01,Utah Jazz,15.5,2.4,5.9,.399,0.6,1.8,.329,1.8,4.1,.430,.450,1.4,1.9,.769,0.4,2.5,2.9,0.7,0.4,0.1,0.8,1.2,6.7
Raul Neto\netora01,Utah Jazz,8.7,1.0,2.3,.451,0.3,0.8,.323,0.8,1.5,.517,.505,0.2,0.2,.889,0.1,0.7,0.8,0.9,0.5,0.1,0.4,1.2,2.5
Jeff Withey\witheje01,Utah Jazz,8.5,1.1,2.0,.534,0.0,0.0,.000,1.1,2.0,.539,.534,0.7,0.9,.750,1.0,1.4,2.4,0.1,0.3,0.6,0.3,1.0,2.9
Joel Bolomboy\bolomjo01,Utah Jazz,4.4,0.8,1.3,.563,0.1,0.3,.250,0.7,1.0,.667,.594,0.3,0.5,.500,0.3,1.1,1.4,0.2,0.1,0.2,0.2,0.1,1.8
Isaiah Thomas\thomais02,Boston Celtics,33.8,9.0,19.4,.463,3.2,8.5,.379,5.8,10.9,.528,.546,7.8,8.5,.909,0.6,2.1,2.7,5.9,0.9,0.2,2.8,2.2,28.9
Avery Bradley\bradlav01,Boston Celtics,33.4,6.5,14.1,.463,2.0,5.0,.390,4.6,9.1,.504,.533,1.2,1.7,.731,1.2,4.9,6.1,2.2,1.2,0.2,1.6,2.6,16.3
Jae Crowder\crowdja01,Boston Celtics,32.4,4.6,10.0,.463,2.2,5.5,.398,2.4,4.5,.540,.572,2.4,3.0,.811,0.7,5.1,5.8,2.2,1.0,0.3,1.1,2.2,13.9
Al Horford\horfoal01,Boston Celtics,32.3,5.6,11.8,.473,1.3,3.6,.355,4.3,8.2,.524,.527,1.6,2.0,.800,1.4,5.4,6.8,5.0,0.8,1.3,1.7,2.0,14.0
Marcus Smart\smartma01,Boston Celtics,30.4,3.4,9.5,.359,1.2,4.2,.283,2.2,5.3,.420,.422,2.6,3.2,.812,1.0,2.9,3.9,4.6,1.6,0.4,2.0,2.4,10.6
Kelly Olynyk\olynyke01,Boston Celtics,20.5,3.5,6.8,.512,0.9,2.6,.354,2.6,4.2,.608,.579,1.2,1.6,.732,1.0,3.8,4.8,2.0,0.6,0.4,1.3,2.8,9.0
Amir Johnson\johnsam01,Boston Celtics,20.1,2.7,4.6,.576,0.3,0.8,.409,2.3,3.8,.612,.612,0.8,1.3,.670,1.5,3.1,4.6,1.8,0.6,0.8,1.0,2.6,6.5
Jaylen Brown\brownja02,Boston Celtics,17.2,2.5,5.4,.454,0.6,1.7,.341,1.9,3.7,.507,.508,1.1,1.6,.685,0.6,2.2,2.8,0.8,0.4,0.2,0.9,1.8,6.6
Terry Rozier\roziete01,Boston Celtics,17.1,2.0,5.6,.367,0.8,2.4,.318,1.3,3.1,.405,.437,0.7,0.9,.773,0.5,2.5,3.1,1.8,0.6,0.1,0.6,0.9,5.5
Jonas Jerebko\jerebjo01,Boston Celtics,15.8,1.5,3.4,.435,0.6,1.7,.346,0.9,1.7,.523,.521,0.3,0.5,.703,0.8,2.7,3.5,0.9,0.3,0.2,0.5,1.6,3.8
Gerald Green\greenge01,Boston Celtics,11.4,2.0,4.9,.409,0.8,2.4,.351,1.2,2.6,.463,.494,0.7,0.9,.805,0.3,1.4,1.8,0.7,0.2,0.1,0.5,1.0,5.6
Tyler Zeller\zellety01,Boston Celtics,10.3,1.5,3.1,.494,0.0,0.0,.000,1.5,3.1,.497,.494,0.4,0.8,.564,0.8,1.6,2.4,0.8,0.1,0.4,0.4,1.2,3.5
James Young\youngja01,Boston Celtics,7.6,0.9,2.0,.431,0.4,1.2,.343,0.4,0.8,.565,.534,0.2,0.3,.667,0.2,0.7,0.9,0.1,0.3,0.1,0.1,0.5,2.3
Jordan Mickey\mickejo01,Boston Celtics,5.6,0.6,1.4,.441,0.0,0.0,.000,0.6,1.3,.455,.441,0.3,0.6,.571,0.5,0.8,1.4,0.3,0.1,0.2,0.4,0.5,1.5
Demetrius Jackson\jacksde01,Boston Celtics,3.4,0.6,0.8,.750,0.2,0.2,1000,0.4,0.6,.667,.875,0.6,1.2,.500,0.4,0.4,0.8,0.6,0.0,0.0,0.0,0.0,2.0
Jimmy Butler\butleji01,Chicago Bulls,37.0,7.5,16.5,.455,1.2,3.3,.367,6.3,13.2,.477,.492,7.7,8.9,.865,1.7,4.5,6.2,5.5,1.9,0.4,2.1,1.5,23.9
Dwyane Wade\wadedw01,Chicago Bulls,29.9,6.9,15.9,.434,0.8,2.4,.310,6.2,13.5,.456,.457,3.7,4.7,.794,1.1,3.5,4.5,3.8,1.4,0.7,2.3,1.9,18.3
Robin Lopez\lopezro01,Chicago Bulls,28.0,4.7,9.6,.493,0.0,0.0,.000,4.7,9.5,.494,.493,0.9,1.3,.721,3.0,3.4,6.4,1.0,0.2,1.4,1.1,1.9,10.4
Taj Gibson\gibsota01,Chicago Bulls,27.3,5.0,9.6,.521,0.0,0.2,.167,5.0,9.4,.529,.523,1.5,2.2,.714,2.2,4.8,6.9,1.1,0.5,0.9,1.4,2.2,11.6
Rajon Rondo\rondora01,Chicago Bulls,26.7,3.3,8.1,.408,0.7,1.9,.376,2.6,6.2,.418,.453,0.4,0.7,.600,1.1,4.1,5.1,6.7,1.4,0.2,2.4,2.1,7.8
Doug McDermott\mcderdo01,Chicago Bulls,24.5,3.8,8.5,.445,1.3,3.4,.373,2.5,5.1,.493,.520,1.3,1.5,.881,0.3,2.6,3.0,1.0,0.3,0.1,0.7,1.3,10.2
Nikola Mirotic\mirotni01,Chicago Bulls,24.0,3.7,8.9,.413,1.8,5.4,.342,1.8,3.5,.520,.516,1.4,1.8,.773,0.9,4.6,5.5,1.1,0.8,0.8,1.1,1.8,10.6
Paul Zipser\zipsepa01,Chicago Bulls,19.2,2.0,5.0,.398,0.8,2.3,.333,1.3,2.8,.451,.473,0.7,0.9,.775,0.3,2.5,2.8,0.8,0.3,0.4,0.9,1.8,5.5
Michael Carter-Williams\cartemi01,Chicago Bulls,18.8,2.5,6.8,.366,0.3,1.4,.234,2.2,5.4,.401,.391,1.3,1.7,.753,0.5,2.9,3.4,2.5,0.8,0.5,1.5,2.3,6.6
Denzel Valentine\valende01,Chicago Bulls,17.1,1.8,5.1,.354,1.3,3.6,.351,0.5,1.4,.363,.481,0.2,0.3,.778,0.2,2.5,2.6,1.1,0.5,0.1,0.9,1.5,5.1
Jerian Grant\grantje02,Chicago Bulls,16.3,2.0,4.8,.425,0.8,2.1,.366,1.3,2.7,.473,.507,1.0,1.2,.890,0.3,1.5,1.8,1.9,0.7,0.1,0.7,1.5,5.9
Cristiano Felicio\feliccr01,Chicago Bulls,15.8,1.9,3.3,.579,0.0,0.0,0,1.9,3.3,.579,.579,0.9,1.4,.645,1.9,2.8,4.7,0.6,0.4,0.3,0.5,1.7,4.8
Bobby Portis\portibo01,Chicago Bulls,15.6,2.9,5.9,.488,0.5,1.5,.333,2.4,4.4,.541,.531,0.6,0.9,.661,1.2,3.5,4.6,0.5,0.3,0.2,0.6,1.5,6.8
Isaiah Canaan\canaais01,Chicago Bulls,15.2,1.6,4.4,.364,0.6,2.4,.266,1.0,2.0,.481,.436,0.8,0.8,.909,0.2,1.1,1.3,0.9,0.6,0.0,0.5,0.9,4.6
Cameron Payne\payneca01,Chicago Bulls,12.9,1.9,5.7,.333,1.0,3.1,.324,0.9,2.6,.345,.421,0.1,0.4,.250,0.1,1.5,1.5,1.4,0.4,0.0,1.2,1.3,4.9
Joffrey Lauvergne\lauvejo01,Chicago Bulls,12.1,1.9,4.6,.402,0.3,1.0,.300,1.6,3.6,.431,.435,0.5,0.8,.600,1.1,2.4,3.4,1.0,0.4,0.0,0.8,0.6,4.5
Anthony Morrow\morroan01,Chicago Bulls,9.7,1.3,3.2,.414,0.7,1.6,.429,0.7,1.7,.400,.517,1.2,1.2,1000,0.1,0.1,0.2,0.7,0.2,0.0,0.0,0.4,4.6
R.J. Hunter\hunterj01,Chicago Bulls,3.0,0.0,0.3,.000,0.0,0.3,.000,0.0,0.0,0,.000,0.0,0.0,0,0.0,0.3,0.3,0.0,0.0,0.0,0.0,0.0,0.0
Kyle Lowry\lowryky01,Toronto Raptors,37.4,7.1,15.3,.464,3.2,7.8,.412,3.9,7.5,.518,.569,5.0,6.1,.819,0.8,4.0,4.8,7.0,1.5,0.3,2.9,2.8,22.4
DeMar DeRozan\derozde01,Toronto Raptors,35.4,9.7,20.9,.467,0.4,1.7,.266,9.3,19.2,.484,.477,7.4,8.7,.842,0.9,4.3,5.2,3.9,1.1,0.2,2.4,1.8,27.3
Serge Ibaka\ibakase01,Toronto Raptors,31.0,5.6,12.1,.459,1.8,4.5,.398,3.8,7.7,.494,.532,1.3,1.5,.882,1.3,5.5,6.8,0.7,0.3,1.4,1.7,3.3,14.2
DeMarre Carroll\carrode01,Toronto Raptors,26.1,3.1,7.6,.400,1.5,4.4,.341,1.5,3.2,.483,.499,1.2,1.6,.761,0.9,2.9,3.8,1.0,1.1,0.4,0.8,2.0,8.9
Jonas Valanciunas\valanjo01,Toronto Raptors,25.8,4.9,8.8,.557,0.0,0.0,.500,4.9,8.8,.557,.558,2.2,2.7,.811,2.8,6.7,9.5,0.7,0.5,0.8,1.3,2.7,12.0
P.J. Tucker\tuckepj01,Toronto Raptors,25.4,2.2,5.3,.406,1.0,2.5,.400,1.2,2.8,.412,.500,0.5,0.7,.688,1.0,4.4,5.4,1.1,1.3,0.2,0.6,2.2,5.8
Cory Joseph\josepco01,Toronto Raptors,25.0,3.7,8.3,.452,0.6,1.7,.356,3.1,6.6,.477,.489,1.2,1.5,.770,0.6,2.3,2.9,3.3,0.8,0.2,1.4,1.8,9.3
Patrick Patterson\pattepa01,Toronto Raptors,24.6,2.4,5.9,.401,1.4,3.9,.372,0.9,2.0,.458,.523,0.7,0.9,.717,1.0,3.6,4.5,1.2,0.6,0.4,0.6,1.8,6.8
Terrence Ross\rosste01,Toronto Raptors,22.4,3.9,8.9,.441,1.8,4.7,.375,2.1,4.1,.516,.541,0.8,0.9,.820,0.3,2.3,2.6,0.8,1.0,0.4,0.6,1.5,10.4
Lucas Nogueira\noguelu01,Toronto Raptors,19.1,1.8,2.7,.660,0.1,0.2,.250,1.8,2.5,.694,.670,0.8,1.2,.657,1.4,2.8,4.3,0.7,0.9,1.6,0.8,2.4,4.4
Norman Powell\powelno01,Toronto Raptors,18.0,3.0,6.7,.449,0.7,2.3,.324,2.3,4.4,.514,.504,1.7,2.1,.792,0.3,1.9,2.2,1.1,0.7,0.2,0.9,1.7,8.4
Delon Wright\wrighde01,Toronto Raptors,16.5,1.8,4.3,.422,0.4,1.1,.333,1.4,3.2,.453,.466,1.6,2.0,.764,0.6,1.2,1.8,2.1,1.0,0.4,0.9,1.1,5.6
Pascal Siakam\siakapa01,Toronto Raptors,15.6,1.9,3.7,.502,0.0,0.1,.143,1.9,3.6,.515,.505,0.4,0.6,.688,1.2,2.2,3.4,0.3,0.5,0.8,0.6,2.0,4.2
Jakob Poeltl\poeltja01,Toronto Raptors,11.6,1.2,2.1,.583,0.0,0.0,0,1.2,2.1,.583,.583,0.6,1.1,.544,1.4,1.6,3.1,0.2,0.3,0.4,0.5,2.1,3.1
Jared Sullinger\sullija01,Toronto Raptors,10.7,1.4,4.3,.319,0.3,1.6,.167,1.1,2.6,.414,.351,0.4,0.7,.500,0.9,1.5,2.5,0.3,0.4,0.1,0.4,1.5,3.4
Fred VanVleet\vanvlfr01,Toronto Raptors,7.9,1.1,3.0,.351,0.3,0.8,.379,0.8,2.2,.341,.401,0.5,0.6,.818,0.1,1.0,1.1,0.9,0.4,0.1,0.4,1.0,2.9
Bruno Caboclo\cabocbr01,Toronto Raptors,4.4,0.7,1.8,.375,0.2,0.7,.333,0.4,1.1,.400,.438,0.0,0.0,0,0.6,0.6,1.1,0.4,0.2,0.1,0.2,0.4,1.6
Klay Thompson\thompkl01,Golden State Warriors,34.0,8.3,17.6,.468,3.4,8.3,.414,4.8,9.3,.516,.565,2.4,2.8,.853,0.6,3.0,3.7,2.1,0.8,0.5,1.6,1.8,22.3
Stephen Curry\curryst01,Golden State Warriors,33.4,8.5,18.3,.468,4.1,10.0,.411,4.4,8.3,.537,.580,4.1,4.6,.898,0.8,3.7,4.5,6.6,1.8,0.2,3.0,2.3,25.3
Kevin Durant\duranke01,Golden State Warriors,33.4,8.9,16.5,.537,1.9,5.0,.375,7.0,11.5,.608,.594,5.4,6.2,.875,0.6,7.6,8.3,4.8,1.1,1.6,2.2,1.9,25.1
Draymond Green\greendr01,Golden State Warriors,32.5,3.6,8.6,.418,1.1,3.5,.308,2.5,5.1,.494,.481,2.0,2.8,.709,1.3,6.6,7.9,7.0,2.0,1.4,2.4,2.9,10.2
Andre Iguodala\iguodan01,Golden State Warriors,26.3,2.9,5.5,.528,0.8,2.3,.362,2.0,3.1,.651,.605,0.9,1.3,.706,0.7,3.3,4.0,3.4,1.0,0.5,0.8,1.3,7.6
Matt Barnes\barnema02,Golden State Warriors,20.5,1.9,4.5,.422,0.9,2.6,.346,1.0,1.9,.526,.522,1.0,1.2,.870,0.8,3.8,4.6,2.3,0.6,0.5,1.2,2.4,5.7
Zaza Pachulia\pachuza01,Golden State Warriors,18.1,2.3,4.4,.534,0.0,0.0,.000,2.3,4.4,.538,.534,1.4,1.8,.778,2.0,3.9,5.9,1.9,0.8,0.5,1.2,2.4,6.1
Shaun Livingston\livinsh01,Golden State Warriors,17.7,2.3,4.2,.547,0.0,0.0,.333,2.3,4.1,.550,.549,0.6,0.8,.700,0.4,1.6,2.0,1.8,0.5,0.3,0.8,1.6,5.1
Patrick McCaw\mccawpa01,Golden State Warriors,15.1,1.5,3.5,.433,0.6,1.7,.333,0.9,1.7,.533,.516,0.4,0.5,.784,0.3,1.1,1.4,1.1,0.5,0.2,0.5,0.9,4.0
Ian Clark\clarkia01,Golden State Warriors,14.8,2.7,5.6,.487,0.8,2.1,.374,1.9,3.5,.556,.558,0.6,0.8,.759,0.3,1.3,1.6,1.2,0.5,0.1,0.7,1.0,6.8
David West\westda01,Golden State Warriors,12.6,2.0,3.7,.536,0.0,0.1,.375,1.9,3.6,.541,.542,0.6,0.8,.768,0.7,2.3,3.0,2.2,0.6,0.7,1.1,1.5,4.6
JaVale McGee\mcgeeja01,Golden State Warriors,9.6,2.7,4.1,.652,0.0,0.0,.000,2.7,4.1,.658,.652,0.7,1.4,.505,1.3,1.9,3.2,0.2,0.2,0.9,0.5,1.4,6.1
James Michael McAdoo\mcadoja01,Golden State Warriors,8.8,1.2,2.3,.530,0.0,0.2,.250,1.2,2.1,.550,.538,0.4,0.8,.500,0.7,1.1,1.8,0.3,0.3,0.6,0.4,0.9,2.8
Damian Jones\jonesda03,Golden State Warriors,8.5,0.8,1.6,.500,0.0,0.0,0,0.8,1.6,.500,.500,0.3,1.0,.300,0.9,1.4,2.3,0.0,0.1,0.4,0.6,1.5,1.9
Kevon Looney\looneke01,Golden State Warriors,8.4,1.1,2.0,.523,0.0,0.2,.222,1.0,1.8,.551,.533,0.4,0.6,.618,0.8,1.5,2.3,0.5,0.3,0.3,0.3,1.2,2.5
Anderson Varejao\varejan01,Golden State Warriors,6.6,0.4,1.0,.357,0.0,0.0,0,0.4,1.0,.357,.357,0.6,0.8,.727,0.9,1.1,1.9,0.7,0.2,0.2,0.6,1.1,1.3
Briante Weber\weberbr01,Golden State Warriors,6.6,0.7,2.0,.357,0.0,0.4,.000,0.7,1.6,.455,.357,0.3,0.4,.667,0.0,0.6,0.6,0.7,0.4,0.1,0.4,0.6,1.7
